date,sales,onpromotion,transactions,dcoilwtico,year,month,day,dayofweek,is_weekend
2013-01-01,2511.618999,0,770.0,93.14,2013,1,1,1,0
2013-01-02,496092.417944,0,93215.0,93.14,2013,1,2,2,0
2013-01-03,361461.231124,0,78504.0,92.97,2013,1,3,3,0
2013-01-04,354459.6770927,0,78494.0,93.12,2013,1,4,4,0
2013-01-05,477350.121229,0,93573.0,93.12,2013,1,5,5,1
2013-01-06,519695.401088,0,90464.0,93.12,2013,1,6,6,1
2013-01-07,336122.801066,0,75597.0,93.2,2013,1,7,0,0
2013-01-08,318347.777981,0,72325.0,93.21,2013,1,8,1,0
2013-01-09,302530.809018,0,71971.0,93.08,2013,1,9,2,0
2013-01-10,258982.003049,0,66383.0,93.81,2013,1,10,3,0
2013-01-11,289737.6850845,0,70338.0,93.6,2013,1,11,4,0
2013-01-12,403258.2120105,0,85511.0,93.6,2013,1,12,5,1
2013-01-13,464638.547998,0,86306.0,93.6,2013,1,13,6,1
2013-01-14,293348.362078,0,70078.0,94.27,2013,1,14,0,0
2013-01-15,299129.549954,0,71134.0,93.26,2013,1,15,1,0
2013-01-16,318347.913946,0,72471.0,94.28,2013,1,16,2,0
2013-01-17,267498.5159755,0,68873.0,95.49,2013,1,17,3,0
2013-01-18,296130.850028,0,71371.0,95.61,2013,1,18,4,0
2013-01-19,432459.852021,0,88558.0,95.61,2013,1,19,5,1
2013-01-20,461092.386047,0,85281.0,95.61,2013,1,20,6,1
2013-01-21,311211.26595000003,0,73250.0,95.61,2013,1,21,0,0
2013-01-22,296214.728983,0,68988.0,96.09,2013,1,22,1,0
2013-01-23,283258.4530325,0,69819.0,95.06,2013,1,23,2,0
2013-01-24,247245.690995,0,63705.0,95.35,2013,1,24,3,0
2013-01-25,290022.77193,0,71273.0,95.15,2013,1,25,4,0
2013-01-26,413799.7679753,0,88022.0,95.15,2013,1,26,5,1
2013-01-27,430411.991233,0,83304.0,95.15,2013,1,27,6,1
2013-01-28,285460.169953,0,70389.0,95.95,2013,1,28,0,0
2013-01-29,264488.81807649997,0,68435.0,97.62,2013,1,29,1,0
2013-01-30,281061.127052,0,70888.0,97.98,2013,1,30,2,0
2013-01-31,271254.217996,0,70268.0,97.65,2013,1,31,3,0
2013-02-01,369402.055266,0,78302.0,97.46,2013,2,1,4,0
2013-02-02,518887.462705,0,97347.0,97.46,2013,2,2,5,1
2013-02-03,486336.82018,0,87026.0,97.46,2013,2,3,6,1
2013-02-04,344308.715017,0,75330.0,96.21,2013,2,4,0,0
2013-02-05,321245.83913,0,76206.0,96.68,2013,2,5,1,0
2013-02-06,321538.177149,0,75291.0,96.44,2013,2,6,2,0
2013-02-07,290807.530973,0,72789.0,95.84,2013,2,7,3,0
2013-02-08,347441.789912,0,79726.0,95.71,2013,2,8,4,0
2013-02-09,416176.2790747,0,90342.0,95.71,2013,2,9,5,1
2013-02-10,300951.328993,0,69963.0,95.71,2013,2,10,6,1
2013-02-11,278627.588926,0,67222.0,97.01,2013,2,11,0,0
2013-02-12,308800.7909121,0,71808.0,97.48,2013,2,12,1,0
2013-02-13,319597.929962,0,80098.0,97.03,2013,2,13,2,0
2013-02-14,308164.016957,0,88681.0,97.3,2013,2,14,3,0
2013-02-15,320168.883912,0,75789.0,95.95,2013,2,15,4,0
2013-02-16,485660.494008,0,92816.0,95.95,2013,2,16,5,1
2013-02-17,399588.910014,0,77449.0,95.95,2013,2,17,6,1
2013-02-18,350745.573191,0,76437.0,95.95,2013,2,18,0,0
2013-02-19,293637.801951,0,70645.0,96.69,2013,2,19,1,0
2013-02-20,313803.162034,0,73812.0,94.92,2013,2,20,2,0
2013-02-21,267711.1090155,0,68246.0,92.79,2013,2,21,3,0
2013-02-22,285679.869131,0,70914.0,93.12,2013,2,22,4,0
2013-02-23,412897.349113,0,88390.0,93.12,2013,2,23,5,1
2013-02-24,452726.126103,0,84125.0,93.12,2013,2,24,6,1
2013-02-25,307110.875933,0,72167.0,92.74,2013,2,25,0,0
2013-02-26,270425.0070675,0,68706.0,92.63,2013,2,26,1,0
2013-02-27,288401.998919,0,70170.0,92.84,2013,2,27,2,0
2013-02-28,278116.291888,0,69818.0,92.03,2013,2,28,3,0
2013-03-01,378898.165064,0,79524.0,90.71,2013,3,1,4,0
2013-03-02,547857.205258,0,98616.0,90.71,2013,3,2,5,1
2013-03-03,559820.580027,0,92716.0,90.71,2013,3,3,6,1
2013-03-04,383647.679097,0,79078.0,90.13,2013,3,4,0,0
2013-03-05,332189.993189,0,75134.0,90.88,2013,3,5,1,0
2013-03-06,335726.580968,0,76519.0,90.47,2013,3,6,2,0
2013-03-07,293099.52701,0,73910.0,91.53,2013,3,7,3,0
2013-03-08,316600.679967,0,78231.0,92.01,2013,3,8,4,0
2013-03-09,453259.496866,0,92462.0,92.01,2013,3,9,5,1
2013-03-10,461859.756153,0,86322.0,92.01,2013,3,10,6,1
2013-03-11,318379.133021,0,75161.0,92.07,2013,3,11,0,0
2013-03-12,271823.37801,0,69346.0,92.44,2013,3,12,1,0
2013-03-13,287869.663972,0,72010.0,92.47,2013,3,13,2,0
2013-03-14,247541.420096,0,67393.0,93.03,2013,3,14,3,0
2013-03-15,315878.090213,0,75533.0,93.49,2013,3,15,4,0
2013-03-16,482233.433961,0,91900.0,93.49,2013,3,16,5,1
2013-03-17,513439.584913,0,89346.0,93.49,2013,3,17,6,1
2013-03-18,330283.80303,0,74418.0,93.71,2013,3,18,0,0
2013-03-19,294020.245897,0,71841.0,92.44,2013,3,19,1,0
2013-03-20,321207.006946,0,74145.0,93.21,2013,3,20,2,0
2013-03-21,269130.127953,0,69157.0,92.46,2013,3,21,3,0
2013-03-22,304100.453969,0,71990.0,93.41,2013,3,22,4,0
2013-03-23,453192.003086,0,91923.0,93.41,2013,3,23,5,1
2013-03-24,449794.636951,0,83439.0,93.41,2013,3,24,6,1
2013-03-25,317559.6099585,0,72992.0,94.55,2013,3,25,0,0
2013-03-26,275818.2359,0,68469.0,95.99,2013,3,26,1,0
2013-03-27,313691.148998,0,74049.0,96.53,2013,3,27,2,0
2013-03-28,339293.269022,0,82104.0,97.24,2013,3,28,3,0
2013-03-29,345513.132,0,77781.0,97.24,2013,3,29,4,0
2013-03-30,452661.356036,0,90611.0,97.24,2013,3,30,5,1
2013-03-31,462107.639956,0,82563.0,97.24,2013,3,31,6,1
2013-04-01,428816.447912,0,81678.0,97.1,2013,4,1,0,0
2013-04-02,377732.827961,0,77165.0,97.23,2013,4,2,1,0
2013-04-03,373731.0758793,0,78534.0,95.02,2013,4,3,2,0
2013-04-04,308738.385963,0,72217.0,93.26,2013,4,4,3,0
2013-04-05,336394.782031,0,74928.0,92.76,2013,4,5,4,0
2013-04-06,509424.214023,0,94844.0,92.76,2013,4,6,5,1
2013-04-07,519048.376884,0,89183.0,92.76,2013,4,7,6,1
2013-04-08,346649.815943,0,75161.0,93.36,2013,4,8,0,0
2013-04-09,306335.8019617,0,71416.0,94.18,2013,4,9,1,0
2013-04-10,312846.374941,0,73989.0,94.59,2013,4,10,2,0
2013-04-11,303223.41301,0,71907.0,93.44,2013,4,11,3,0
2013-04-12,314394.967035,0,75403.0,91.23,2013,4,12,4,0
2013-04-13,453442.497048,0,92166.0,91.23,2013,4,13,5,1
2013-04-14,478417.148813,0,86803.0,91.23,2013,4,14,6,1
2013-04-15,338712.458055,0,76251.0,88.75,2013,4,15,0,0
2013-04-16,333431.880049,0,74187.0,88.73,2013,4,16,1,0
2013-04-17,334990.518942,0,74529.0,86.65,2013,4,17,2,0
2013-04-18,281924.509951,0,68343.0,87.83,2013,4,18,3,0
2013-04-19,311588.70494,0,73119.0,88.04,2013,4,19,4,0
2013-04-20,459884.838043,0,92014.0,88.04,2013,4,20,5,1
2013-04-21,485721.032087,0,87401.0,88.04,2013,4,21,6,1
2013-04-22,328886.320986,0,75157.0,88.81,2013,4,22,0,0
2013-04-23,302097.8329435,0,71657.0,89.21,2013,4,23,1,0
2013-04-24,310555.184925,0,73003.0,91.07,2013,4,24,2,0
2013-04-25,268790.618996,0,68917.0,93.27,2013,4,25,3,0
2013-04-26,304413.556952,0,72813.0,92.63,2013,4,26,4,0
2013-04-27,446665.337895,0,89825.0,92.63,2013,4,27,5,1
2013-04-28,477623.4729303,0,86773.0,92.63,2013,4,28,6,1
2013-04-29,328795.874018,0,72009.0,94.09,2013,4,29,0,0
2013-04-30,310186.466894,0,73513.0,93.22,2013,4,30,1,0
2013-05-01,507974.636889,0,90548.0,90.74,2013,5,1,2,0
2013-05-02,348709.460063,0,73639.0,93.7,2013,5,2,3,0
2013-05-03,374291.2510323,0,76685.0,95.25,2013,5,3,4,0
2013-05-04,520339.51596499997,0,96689.0,95.25,2013,5,4,5,1
2013-05-05,580268.550981,0,95212.0,95.25,2013,5,5,6,1
2013-05-06,369869.383046,0,76383.0,95.8,2013,5,6,0,0
2013-05-07,317292.964148,0,72563.0,95.28,2013,5,7,1,0
2013-05-08,332477.410968,0,74802.0,96.24,2013,5,8,2,0
2013-05-09,305868.0570225,0,75025.0,96.09,2013,5,9,3,0
2013-05-10,335937.441949,0,80282.0,95.81,2013,5,10,4,0
2013-05-11,512090.58108,0,111484.0,95.81,2013,5,11,5,1
2013-05-12,387860.5050145,0,89790.0,95.81,2013,5,12,6,1
2013-05-13,350598.06187,0,75625.0,94.76,2013,5,13,0,0
2013-05-14,308469.313119,0,71589.0,93.96,2013,5,14,1,0
2013-05-15,329113.560081,0,74401.0,93.95,2013,5,15,2,0
2013-05-16,307556.946937,0,71287.0,94.85,2013,5,16,3,0
2013-05-17,330004.241998,0,74705.0,95.72,2013,5,17,4,0
2013-05-18,480969.558942,0,91973.0,95.72,2013,5,18,5,1
2013-05-19,518153.554009,0,89031.0,95.72,2013,5,19,6,1
2013-05-20,341787.214991,0,74613.0,96.29,2013,5,20,0,0
2013-05-21,307178.399952,0,70601.0,95.55,2013,5,21,1,0
2013-05-22,301785.4831075,0,71763.0,93.98,2013,5,22,2,0
2013-05-23,289261.058026,0,70843.0,94.12,2013,5,23,3,0
2013-05-24,398389.241982,0,78945.0,93.84,2013,5,24,4,0
2013-05-25,417930.141993,0,85230.0,93.84,2013,5,25,5,1
2013-05-26,450631.400068,0,81869.0,93.84,2013,5,26,6,1
2013-05-27,321630.8309235,0,72144.0,93.84,2013,5,27,0,0
2013-05-28,307329.1680565,0,71801.0,94.65,2013,5,28,1,0
2013-05-29,309333.380899,0,73970.0,93.13,2013,5,29,2,0
2013-05-30,304344.849939,0,77052.0,93.57,2013,5,30,3,0
2013-05-31,330257.841975,0,76921.0,91.93,2013,5,31,4,0
2013-06-01,566901.814988,0,101740.0,91.93,2013,6,1,5,1
2013-06-02,637698.494958,0,98018.0,91.93,2013,6,2,6,1
2013-06-03,426332.097995,0,80648.0,93.41,2013,6,3,0,0
2013-06-04,369705.160085,0,76213.0,93.36,2013,6,4,1,0
2013-06-05,361791.080915,0,77605.0,93.66,2013,6,5,2,0
2013-06-06,317496.765891,0,72282.0,94.71,2013,6,6,3,0
2013-06-07,357673.087977,0,79014.0,96.11,2013,6,7,4,0
2013-06-08,466292.699096,0,89783.0,96.11,2013,6,8,5,1
2013-06-09,526804.730256,0,89751.0,96.11,2013,6,9,6,1
2013-06-10,349754.291978,0,74546.0,95.82,2013,6,10,0,0
2013-06-11,283858.2159925,0,68636.0,95.5,2013,6,11,1,0
2013-06-12,320173.5779987,0,73386.0,95.98,2013,6,12,2,0
2013-06-13,282886.9200452,0,69703.0,96.66,2013,6,13,3,0
2013-06-14,326956.74210719997,0,76434.0,97.83,2013,6,14,4,0
2013-06-15,505950.6668701,0,102541.0,97.83,2013,6,15,5,1
2013-06-16,435894.082881,0,87839.0,97.83,2013,6,16,6,1
2013-06-17,370944.271024,0,76236.0,97.86,2013,6,17,0,0
2013-06-18,320885.3399215,0,73179.0,98.46,2013,6,18,1,0
2013-06-19,319235.25797700003,0,68613.0,98.24,2013,6,19,2,0
2013-06-20,293877.944015,0,69984.0,94.89,2013,6,20,3,0
2013-06-21,319722.6870265,0,73717.0,93.81,2013,6,21,4,0
2013-06-22,446347.312096,0,88681.0,93.81,2013,6,22,5,1
2013-06-23,504964.845142,0,86152.0,93.81,2013,6,23,6,1
2013-06-24,336631.9640383,0,73403.0,95.07,2013,6,24,0,0
2013-06-25,305119.530064,0,70549.0,95.25,2013,6,25,1,0
2013-06-26,301847.2489636,0,71009.0,95.47,2013,6,26,2,0
2013-06-27,266525.458966,0,67340.0,97.0,2013,6,27,3,0
2013-06-28,324210.971803,0,74172.0,96.36,2013,6,28,4,0
2013-06-29,509379.108146,0,93531.0,96.36,2013,6,29,5,1
2013-06-30,533481.693027,0,87501.0,96.36,2013,6,30,6,1
2013-07-01,441758.3880965,0,81850.0,97.94,2013,7,1,0,0
2013-07-02,390958.38408,0,79187.0,99.65,2013,7,2,1,0
2013-07-03,374551.917949,0,78437.0,101.92,2013,7,3,2,0
2013-07-04,327020.179028,0,75664.0,101.92,2013,7,4,3,0
2013-07-05,351401.500074,0,77710.0,103.09,2013,7,5,4,0
2013-07-06,479514.493924,0,92132.0,103.09,2013,7,6,5,1
2013-07-07,500606.073078,0,87219.0,103.09,2013,7,7,6,1
2013-07-08,365452.995017,0,77464.0,103.03,2013,7,8,0,0
2013-07-09,317279.1449993,0,73041.0,103.46,2013,7,9,1,0
2013-07-10,314134.886071,0,73319.0,106.41,2013,7,10,2,0
2013-07-11,281750.931023,0,68662.0,104.77,2013,7,11,3,0
2013-07-12,308786.438133,0,73261.0,105.85,2013,7,12,4,0
2013-07-13,432569.1022205,0,88063.0,105.85,2013,7,13,5,1
2013-07-14,438722.417857,0,81622.0,105.85,2013,7,14,6,1
2013-07-15,348803.0469486,0,76717.0,106.2,2013,7,15,0,0
2013-07-16,335516.229006,0,75755.0,105.88,2013,7,16,1,0
2013-07-17,324313.8180255,0,73859.0,106.39,2013,7,17,2,0
2013-07-18,287074.8739522,0,69399.0,107.94,2013,7,18,3,0
2013-07-19,313332.555049,0,73231.0,108.0,2013,7,19,4,0
2013-07-20,435497.731013,0,87653.0,108.0,2013,7,20,5,1
2013-07-21,437952.624049,0,80799.0,108.0,2013,7,21,6,1
2013-07-22,342802.29905,0,75771.0,106.61,2013,7,22,0,0
2013-07-23,316257.463107,0,73650.0,107.13,2013,7,23,1,0
2013-07-24,309243.7899995,0,72876.0,105.41,2013,7,24,2,0
2013-07-25,298074.2249247,0,70760.0,105.47,2013,7,25,3,0
2013-07-26,318745.692921,0,74270.0,104.76,2013,7,26,4,0
2013-07-27,423890.5020012,0,86632.0,104.76,2013,7,27,5,1
2013-07-28,433358.6520873,0,79729.0,104.76,2013,7,28,6,1
2013-07-29,331493.2850525,0,72911.0,104.61,2013,7,29,0,0
2013-07-30,318553.989932,0,72512.0,103.14,2013,7,30,1,0
2013-07-31,357982.979012,0,77813.0,105.1,2013,7,31,2,0
2013-08-01,397555.3181021,0,78740.0,107.93,2013,8,1,3,0
2013-08-02,393831.120007,0,79127.0,106.94,2013,8,2,4,0
2013-08-03,516956.846013,0,93926.0,106.94,2013,8,3,5,1
2013-08-04,514267.27594,0,86805.0,106.94,2013,8,4,6,1
2013-08-05,407033.810946,0,82080.0,106.61,2013,8,5,0,0
2013-08-06,357263.854086,0,77927.0,105.32,2013,8,6,1,0
2013-08-07,351302.132003,0,77426.0,104.41,2013,8,7,2,0
2013-08-08,310953.0239315,0,72592.0,103.45,2013,8,8,3,0
2013-08-09,337521.667868,0,77361.0,106.04,2013,8,9,4,0
2013-08-10,434184.94409,0,85444.0,106.04,2013,8,10,5,1
2013-08-11,434720.3230013,0,80268.0,106.04,2013,8,11,6,1
2013-08-12,349539.224033,0,76317.0,106.19,2013,8,12,0,0
2013-08-13,317103.331061,0,74660.0,106.78,2013,8,13,1,0
2013-08-14,324377.386893,0,74211.0,106.89,2013,8,14,2,0
2013-08-15,311043.17291,0,74220.0,107.43,2013,8,15,3,0
2013-08-16,364487.3218839,0,79668.0,107.58,2013,8,16,4,0
2013-08-17,448835.3109167,0,88888.0,107.58,2013,8,17,5,1
2013-08-18,464053.7730675,0,83247.0,107.58,2013,8,18,6,1
2013-08-19,362085.52696,0,77100.0,107.14,2013,8,19,0,0
2013-08-20,343046.11398,0,76629.0,104.9,2013,8,20,1,0
2013-08-21,335724.643932,0,76613.0,103.93,2013,8,21,2,0
2013-08-22,306473.26098,0,71220.0,104.93,2013,8,22,3,0
2013-08-23,331906.369098,0,75844.0,106.48,2013,8,23,4,0
2013-08-24,420576.154994,0,87502.0,106.48,2013,8,24,5,1
2013-08-25,443694.093754,0,82558.0,106.48,2013,8,25,6,1
2013-08-26,347159.6410143,0,76173.0,105.88,2013,8,26,0,0
2013-08-27,319688.2190185,0,73568.0,109.11,2013,8,27,1,0
2013-08-28,319322.060993,0,74979.0,110.17,2013,8,28,2,0
2013-08-29,294518.685943,0,71897.0,108.51,2013,8,29,3,0
2013-08-30,354932.930947,0,77749.0,107.98,2013,8,30,4,0
2013-08-31,523631.3811059,0,96400.0,107.98,2013,8,31,5,1
2013-09-01,640406.221875,0,95871.0,107.98,2013,9,1,6,1
2013-09-02,458792.960966,0,84388.0,107.98,2013,9,2,0,0
2013-09-03,397680.420032,0,79834.0,108.67,2013,9,3,1,0
2013-09-04,392565.48591,0,80360.0,107.29,2013,9,4,2,0
2013-09-05,330622.779063,0,74704.0,108.5,2013,9,5,3,0
2013-09-06,335442.247929,0,74579.0,110.62,2013,9,6,4,0
2013-09-07,518584.247,0,95846.0,110.62,2013,9,7,5,1
2013-09-08,560852.005091,0,94015.0,110.62,2013,9,8,6,1
2013-09-09,377151.7070027,0,77169.0,109.62,2013,9,9,0,0
2013-09-10,308074.4658225,0,72483.0,107.48,2013,9,10,1,0
2013-09-11,323124.61885,0,74287.0,107.65,2013,9,11,2,0
2013-09-12,282855.730937,0,68478.0,108.72,2013,9,12,3,0
2013-09-13,319556.942029,0,73019.0,108.31,2013,9,13,4,0
2013-09-14,476364.004996,0,92336.0,108.31,2013,9,14,5,1
2013-09-15,532852.959041,0,90410.0,108.31,2013,9,15,6,1
2013-09-16,373229.840879,0,77189.0,106.54,2013,9,16,0,0
2013-09-17,327282.949966,0,72907.0,105.36,2013,9,17,1,0
2013-09-18,315687.718926,0,72512.0,108.23,2013,9,18,2,0
2013-09-19,279580.372008,0,67209.0,106.26,2013,9,19,3,0
2013-09-20,331846.9039701,0,74285.0,104.7,2013,9,20,4,0
2013-09-21,468298.380896,0,91544.0,104.7,2013,9,21,5,1
2013-09-22,502068.7019007,0,87513.0,104.7,2013,9,22,6,1
2013-09-23,356043.0340047,0,75213.0,103.62,2013,9,23,0,0
2013-09-24,303333.392926,0,70348.0,103.22,2013,9,24,1,0
2013-09-25,312490.104996,0,71613.0,102.68,2013,9,25,2,0
2013-09-26,273057.8798588,0,66914.0,103.1,2013,9,26,3,0
2013-09-27,320246.574024,0,72409.0,102.86,2013,9,27,4,0
2013-09-28,484903.6890081,0,91304.0,102.86,2013,9,28,5,1
2013-09-29,522868.441946,0,87268.0,102.86,2013,9,29,6,1
2013-09-30,367068.4500143,0,74455.0,102.36,2013,9,30,0,0
2013-10-01,436441.034076,0,80690.0,102.09,2013,10,1,1,0
2013-10-02,414455.6550375,0,80520.0,104.15,2013,10,2,2,0
2013-10-03,348933.24703,0,73793.0,103.29,2013,10,3,3,0
2013-10-04,378109.978059,0,78169.0,103.83,2013,10,4,4,0
2013-10-05,540156.625057,0,97345.0,103.83,2013,10,5,5,1
2013-10-06,553031.424016,0,91143.0,103.83,2013,10,6,6,1
2013-10-07,373387.109043,0,77290.0,103.07,2013,10,7,0,0
2013-10-08,326726.7240121,0,73728.0,103.54,2013,10,8,1,0
2013-10-09,322529.418957,0,73206.0,101.63,2013,10,9,2,0
2013-10-10,305047.0980576,0,71249.0,103.08,2013,10,10,3,0
2013-10-11,402913.849028,0,80838.0,102.17,2013,10,11,4,0
2013-10-12,426379.6909939,0,85003.0,102.17,2013,10,12,5,1
2013-10-13,481781.2559686,0,83357.0,102.17,2013,10,13,6,1
2013-10-14,342694.7209944,0,72589.0,102.46,2013,10,14,0,0
2013-10-15,305242.569986,0,71021.0,101.15,2013,10,15,1,0
2013-10-16,355696.963943,0,73902.0,102.34,2013,10,16,2,0
2013-10-17,312949.412961,0,70806.0,100.72,2013,10,17,3,0
2013-10-18,323327.873107,0,71837.0,100.87,2013,10,18,4,0
2013-10-19,488245.570001,0,93205.0,100.87,2013,10,19,5,1
2013-10-20,537713.5090483,0,91210.0,100.87,2013,10,20,6,1
2013-10-21,348721.327971,0,74337.0,99.28,2013,10,21,0,0
2013-10-22,301641.7850828,0,69581.0,97.63,2013,10,22,1,0
2013-10-23,323105.11598,0,71321.0,96.9,2013,10,23,2,0
2013-10-24,276059.0800025,0,67609.0,96.65,2013,10,24,3,0
2013-10-25,317570.4260338,0,72010.0,97.4,2013,10,25,4,0
2013-10-26,452902.363914,0,89451.0,97.4,2013,10,26,5,1
2013-10-27,512891.4830689,0,86852.0,97.4,2013,10,27,6,1
2013-10-28,346941.91396,0,73374.0,98.74,2013,10,28,0,0
2013-10-29,302332.9969864,0,69205.0,98.29,2013,10,29,1,0
2013-10-30,319494.7050373,0,72246.0,96.81,2013,10,30,2,0
2013-10-31,298195.433106,0,71553.0,96.29,2013,10,31,3,0
2013-11-01,403637.232955,0,79385.0,94.56,2013,11,1,4,0
2013-11-02,540615.555037,0,93949.0,94.56,2013,11,2,5,1
2013-11-03,602796.556029,0,91085.0,94.56,2013,11,3,6,1
2013-11-04,424314.167046,0,79630.0,94.58,2013,11,4,0,0
2013-11-05,393322.182909,0,76352.0,93.4,2013,11,5,1,0
2013-11-06,386426.9788195,0,76148.0,94.74,2013,11,6,2,0
2013-11-07,346293.3400477,0,70599.0,94.25,2013,11,7,3,0
2013-11-08,358473.978049,0,74646.0,94.56,2013,11,8,4,0
2013-11-09,513850.32307,0,91367.0,94.56,2013,11,9,5,1
2013-11-10,587666.490239,0,91689.0,94.56,2013,11,10,6,1
2013-11-11,374087.890067,0,75194.0,95.13,2013,11,11,0,0
2013-11-12,373277.748034,0,72225.0,93.12,2013,11,12,1,0
2013-11-13,332279.2568851,0,71600.0,93.91,2013,11,13,2,0
2013-11-14,284567.4029707,0,67268.0,93.76,2013,11,14,3,0
2013-11-15,349383.296052,0,74804.0,93.8,2013,11,15,4,0
2013-11-16,524065.5881155,0,94069.0,93.8,2013,11,16,5,1
2013-11-17,579209.228924,0,90357.0,93.8,2013,11,17,6,1
2013-11-18,391945.551999,0,76133.0,93.03,2013,11,18,0,0
2013-11-19,329455.2710234,0,71496.0,93.35,2013,11,19,1,0
2013-11-20,354337.734795,0,74998.0,93.34,2013,11,20,2,0
2013-11-21,298047.047965,0,69198.0,95.35,2013,11,21,3,0
2013-11-22,340734.213038,0,73466.0,94.53,2013,11,22,4,0
2013-11-23,485544.298837,0,91187.0,94.53,2013,11,23,5,1
2013-11-24,550925.293106,0,87771.0,94.53,2013,11,24,6,1
2013-11-25,365965.5090102,0,73966.0,93.86,2013,11,25,0,0
2013-11-26,323292.830024,0,70690.0,93.41,2013,11,26,1,0
2013-11-27,337083.286026,0,71571.0,92.05,2013,11,27,2,0
2013-11-28,305982.981947,0,69896.0,92.05,2013,11,28,3,0
2013-11-29,357000.404165,0,74816.0,92.55,2013,11,29,4,0
2013-11-30,541977.655801,0,94311.0,92.55,2013,11,30,5,1
2013-12-01,698217.128989,0,96910.0,92.55,2013,12,1,6,1
2013-12-02,495488.366984,0,82768.0,93.61,2013,12,2,0,0
2013-12-03,424438.046973,0,79820.0,95.83,2013,12,3,1,0
2013-12-04,424147.0459855,0,80529.0,96.97,2013,12,4,2,0
2013-12-05,386406.804985,0,77466.0,97.14,2013,12,5,3,0
2013-12-06,432661.755068,0,80763.0,97.48,2013,12,6,4,0
2013-12-07,537181.319801,0,95160.0,97.48,2013,12,7,5,1
2013-12-08,588855.895921,0,92142.0,97.48,2013,12,8,6,1
2013-12-09,442309.3141075,0,80274.0,97.1,2013,12,9,0,0
2013-12-10,414421.695986,0,79326.0,98.32,2013,12,10,1,0
2013-12-11,422957.198908,0,82055.0,97.25,2013,12,11,2,0
2013-12-12,384256.080979,0,80045.0,97.21,2013,12,12,3,0
2013-12-13,434657.0129787,0,84558.0,96.27,2013,12,13,4,0
2013-12-14,554911.917024,0,101340.0,96.27,2013,12,14,5,1
2013-12-15,642015.7758165,0,102239.0,96.27,2013,12,15,6,1
2013-12-16,516060.290853,0,92585.0,97.18,2013,12,16,0,0
2013-12-17,480470.71684249997,0,94103.0,96.99,2013,12,17,1,0
2013-12-18,527481.336925,0,102356.0,97.59,2013,12,18,2,0
2013-12-19,507461.038187,0,109267.0,98.4,2013,12,19,3,0
2013-12-20,544104.2676365,0,106238.0,99.11,2013,12,20,4,0
2013-12-21,685673.07474,0,121425.0,99.11,2013,12,21,5,1
2013-12-22,696295.146867,0,118997.0,99.11,2013,12,22,6,1
2013-12-23,792865.284427,0,145876.0,98.62,2013,12,23,0,0
2013-12-24,620663.290732,0,155846.0,98.87,2013,12,24,1,0
2013-12-26,470731.1624137,0,96002.0,99.18,2013,12,26,3,0
2013-12-27,479314.968043,0,98330.0,99.94,2013,12,27,4,0
2013-12-28,556952.3059789999,0,102858.0,99.94,2013,12,28,5,1
2013-12-29,499719.5049237,0,88729.0,99.94,2013,12,29,6,1
2013-12-30,635134.7358515,0,117645.0,98.9,2013,12,30,0,0
2013-12-31,507264.6630475,0,117214.0,98.17,2013,12,31,1,0
2014-01-01,8602.065404,0,1327.0,98.17,2014,1,1,2,0
2014-01-02,801011.226041,0,90716.0,95.14,2014,1,2,3,0
2014-01-03,680672.845603,0,84488.0,93.66,2014,1,3,4,0
2014-01-04,936628.8866039,0,101361.0,93.66,2014,1,4,5,1
2014-01-05,949618.78894,0,93475.0,93.66,2014,1,5,6,1
2014-01-06,602268.564009,0,77784.0,93.12,2014,1,6,0,0
2014-01-07,563450.5988595,0,75361.0,93.31,2014,1,7,1,0
2014-01-08,636176.853478,0,77204.0,91.9,2014,1,8,2,0
2014-01-09,496377.933414,0,72575.0,91.36,2014,1,9,3,0
2014-01-10,543055.329066,0,75302.0,92.39,2014,1,10,4,0
2014-01-11,787321.455619,0,94661.0,92.39,2014,1,11,5,1
2014-01-12,844633.598917,0,89216.0,92.39,2014,1,12,6,1
2014-01-13,555547.0150185,0,75590.0,91.45,2014,1,13,0,0
2014-01-14,502643.104285,0,71724.0,92.15,2014,1,14,1,0
2014-01-15,567067.469069,0,74904.0,93.78,2014,1,15,2,0
2014-01-16,502789.214207,0,73914.0,93.54,2014,1,16,3,0
2014-01-17,542937.915657,0,75507.0,93.96,2014,1,17,4,0
2014-01-18,786779.8899055,0,92853.0,93.96,2014,1,18,5,1
2014-01-19,851735.334091,0,88313.0,93.96,2014,1,19,6,1
2014-01-20,575850.061871,0,74870.0,93.96,2014,1,20,0,0
2014-01-21,538817.207912,0,74384.0,94.51,2014,1,21,1,0
2014-01-22,553097.596874,0,72600.0,96.35,2014,1,22,2,0
2014-01-23,460789.0398597,0,69863.0,97.23,2014,1,23,3,0
2014-01-24,526124.572256,0,74881.0,96.66,2014,1,24,4,0
2014-01-25,733880.979053,0,89619.0,96.66,2014,1,25,5,1
2014-01-26,814057.732862,0,86186.0,96.66,2014,1,26,6,1
2014-01-27,540798.833711,0,73833.0,95.82,2014,1,27,0,0
2014-01-28,481593.435798,0,71475.0,97.49,2014,1,28,1,0
2014-01-29,512853.989922,0,70343.0,97.34,2014,1,29,2,0
2014-01-30,453642.9707033,0,69738.0,98.25,2014,1,30,3,0
2014-01-31,560816.192394,0,79461.0,97.55,2014,1,31,4,0
2014-02-01,648870.19898,0,100397.0,97.55,2014,2,1,5,1
2014-02-02,619805.537102,0,91157.0,97.55,2014,2,2,6,1
2014-02-03,461637.5229585,0,82999.0,96.44,2014,2,3,0,0
2014-02-04,403189.5869763,0,78774.0,97.24,2014,2,4,1,0
2014-02-05,399138.3059075,0,79153.0,97.4,2014,2,5,2,0
2014-02-06,359139.101529,0,75574.0,97.84,2014,2,6,3,0
2014-02-07,389471.568011,0,78958.0,99.98,2014,2,7,4,0
2014-02-08,530128.059914,0,92697.0,99.98,2014,2,8,5,1
2014-02-09,520753.7470746,0,83507.0,99.98,2014,2,9,6,1
2014-02-10,396622.737011,0,78191.0,100.12,2014,2,10,0,0
2014-02-11,358382.7339877,0,75239.0,99.96,2014,2,11,1,0
2014-02-12,387758.393971,0,79051.0,100.38,2014,2,12,2,0
2014-02-13,347373.2985675,0,82922.0,100.27,2014,2,13,3,0
2014-02-14,361206.4069057,0,92671.0,100.31,2014,2,14,4,0
2014-02-15,538893.357859,0,93175.0,100.31,2014,2,15,5,1
2014-02-16,595300.23508,0,88232.0,100.31,2014,2,16,6,1
2014-02-17,412029.2879535,0,76721.0,100.31,2014,2,17,0,0
2014-02-18,365331.247942,0,73438.0,102.54,2014,2,18,1,0
2014-02-19,360161.6390075,0,73514.0,103.46,2014,2,19,2,0
2014-02-20,322451.9201135,0,71024.0,103.2,2014,2,20,3,0
2014-02-21,369403.653633,0,75172.0,102.53,2014,2,21,4,0
2014-02-22,538206.082827,0,93092.0,102.53,2014,2,22,5,1
2014-02-23,487896.463891,0,80419.0,102.53,2014,2,23,6,1
2014-02-24,404224.188997,0,77401.0,103.17,2014,2,24,0,0
2014-02-25,351418.110084,0,72686.0,102.2,2014,2,25,1,0
2014-02-26,353604.266985,0,74042.0,102.93,2014,2,26,2,0
2014-02-27,330330.185244,0,73390.0,102.68,2014,2,27,3,0
2014-02-28,425624.795466,0,84571.0,102.88,2014,2,28,4,0
2014-03-01,911360.2578707,0,102182.0,102.88,2014,3,1,5,1
2014-03-02,667413.052988,0,79124.0,102.88,2014,3,2,6,1
2014-03-03,613973.031386,0,76019.0,105.34,2014,3,3,0,0
2014-03-04,748930.902096,0,81818.0,103.64,2014,3,4,1,0
2014-03-05,741756.416525,0,84962.0,101.75,2014,3,5,2,0
2014-03-06,614082.444339,0,81147.0,101.82,2014,3,6,3,0
2014-03-07,598242.341178,0,80361.0,102.82,2014,3,7,4,0
2014-03-08,753345.259201,0,94346.0,102.82,2014,3,8,5,1
2014-03-09,916117.649984,0,92694.0,102.82,2014,3,9,6,1
2014-03-10,587414.828974,0,77536.0,101.39,2014,3,10,0,0
2014-03-11,539365.375063,0,75793.0,100.29,2014,3,11,1,0
2014-03-12,575676.797032,0,75820.0,98.29,2014,3,12,2,0
2014-03-13,473298.042544,0,72982.0,98.57,2014,3,13,3,0
2014-03-14,530515.2554715,0,77386.0,99.23,2014,3,14,4,0
2014-03-15,731049.789851,0,91559.0,99.23,2014,3,15,5,1
2014-03-16,929808.492772,0,93240.0,99.23,2014,3,16,6,1
2014-03-17,612719.522118,0,80383.0,98.43,2014,3,17,0,0
2014-03-18,537427.86875,0,75912.0,100.08,2014,3,18,1,0
2014-03-19,585974.657018,0,76911.0,100.71,2014,3,19,2,0
2014-03-20,500897.112641,0,74462.0,99.68,2014,3,20,3,0
2014-03-21,548811.469984,0,78342.0,99.97,2014,3,21,4,0
2014-03-22,771704.933772,0,93889.0,99.97,2014,3,22,5,1
2014-03-23,838814.636064,0,89071.0,99.97,2014,3,23,6,1
2014-03-24,571762.044919,0,74406.0,100.05,2014,3,24,0,0
2014-03-25,539861.6183493,0,74454.0,99.66,2014,3,25,1,0
2014-03-26,569680.543547,0,74887.0,100.61,2014,3,26,2,0
2014-03-27,468581.39830400003,0,71079.0,101.25,2014,3,27,3,0
2014-03-28,538905.781947,0,78180.0,101.73,2014,3,28,4,0
2014-03-29,822333.142686,0,95635.0,101.73,2014,3,29,5,1
2014-03-30,873958.8396415,0,88582.0,101.73,2014,3,30,6,1
2014-03-31,651800.509461,0,82265.0,101.57,2014,3,31,0,0
2014-04-01,485079.887001,8,84822.0,99.69,2014,4,1,1,0
2014-04-02,463917.316107,4,83375.0,99.6,2014,4,2,2,0
2014-04-03,388867.961418,120,78063.0,100.29,2014,4,3,3,0
2014-04-04,422578.745073,5,81700.0,101.16,2014,4,4,4,0
2014-04-05,617680.194045,7,101536.0,101.16,2014,4,5,5,1
2014-04-06,631888.250898,7,94488.0,101.16,2014,4,6,6,1
2014-04-07,426091.1040178,3,80982.0,100.43,2014,4,7,0,0
2014-04-08,376663.272105,8,76904.0,102.57,2014,4,8,1,0
2014-04-09,375309.08201199997,4,78352.0,103.55,2014,4,9,2,0
2014-04-10,334052.7571255,119,76260.0,103.37,2014,4,10,3,0
2014-04-11,379646.845927,14,80053.0,103.68,2014,4,11,4,0
2014-04-12,529919.922964,10,95879.0,103.68,2014,4,12,5,1
2014-04-13,540190.281942,16,88770.0,103.68,2014,4,13,6,1
2014-04-14,381386.309033,8,77753.0,104.05,2014,4,14,0,0
2014-04-15,364689.054991,45,76278.0,103.7,2014,4,15,1,0
2014-04-16,411357.084985,45,81231.0,103.71,2014,4,16,2,0
2014-04-17,397464.842904,455,84493.0,104.33,2014,4,17,3,0
2014-04-18,394392.184115,37,81003.0,104.33,2014,4,18,4,0
2014-04-19,496904.749136,36,92589.0,104.33,2014,4,19,5,1
2014-04-20,520126.3980386,56,86198.0,104.33,2014,4,20,6,1
2014-04-21,398677.396998,28,79111.0,104.35,2014,4,21,0,0
2014-04-22,370552.249018,49,75889.0,101.69,2014,4,22,1,0
2014-04-23,372232.595049,58,75358.0,101.47,2014,4,23,2,0
2014-04-24,320875.477858,460,71753.0,102.2,2014,4,24,3,0
2014-04-25,357173.708433,22,75347.0,100.85,2014,4,25,4,0
2014-04-26,497334.735036,39,89576.0,100.85,2014,4,26,5,1
2014-04-27,560508.420995,52,88583.0,100.85,2014,4,27,6,1
2014-04-28,362271.9169815,65,73482.0,101.13,2014,4,28,0,0
2014-04-29,326338.348031,73,71015.0,101.56,2014,4,29,1,0
2014-04-30,357079.964912,86,74823.0,100.07,2014,4,30,2,0
2014-05-01,530380.848064,547,87240.0,99.69,2014,5,1,3,0
2014-05-02,443284.891212,215,80437.0,100.09,2014,5,2,4,0
2014-05-03,610391.748971,72,98252.0,100.09,2014,5,3,5,1
2014-05-04,646164.863883,58,93157.0,100.09,2014,5,4,6,1
2014-05-05,427601.704071,67,77689.0,99.74,2014,5,5,0,0
2014-05-06,388945.890086,84,75193.0,99.81,2014,5,6,1,0
2014-05-07,391932.183945,71,77067.0,101.06,2014,5,7,2,0
2014-05-08,337483.713217,472,73342.0,100.52,2014,5,8,3,0
2014-05-09,381335.196055,218,81067.0,100.32,2014,5,9,4,0
2014-05-10,577012.026997,61,108342.0,100.32,2014,5,10,5,1
2014-05-11,454512.928937,59,90945.0,100.32,2014,5,11,6,1
2014-05-12,398251.889006,61,76000.0,100.89,2014,5,12,0,0
2014-05-13,360734.522978,65,73847.0,102.01,2014,5,13,1,0
2014-05-14,356373.806985,151,73257.0,102.63,2014,5,14,2,0
2014-05-15,332272.8296378,534,70281.0,101.74,2014,5,15,3,0
2014-05-16,380822.742652,1188,75778.0,102.31,2014,5,16,4,0
2014-05-17,537873.964019,129,91408.0,102.31,2014,5,17,5,1
2014-05-18,634519.7368283,139,93334.0,102.31,2014,5,18,6,1
2014-05-19,388814.744958,110,75548.0,102.95,2014,5,19,0,0
2014-05-20,354372.33997,157,73023.0,102.8,2014,5,20,1,0
2014-05-21,356898.483031,191,73409.0,104.31,2014,5,21,2,0
2014-05-22,310660.142642,1561,68645.0,104.03,2014,5,22,3,0
2014-05-23,349549.892726,1274,71882.0,105.01,2014,5,23,4,0
2014-05-24,516627.261707,220,90183.0,105.01,2014,5,24,5,1
2014-05-25,573412.21016,218,88321.0,105.01,2014,5,25,6,1
2014-05-26,373831.086112,188,73627.0,105.01,2014,5,26,0,0
2014-05-27,327642.143098,196,70265.0,104.78,2014,5,27,1,0
2014-05-28,338481.784057,192,71949.0,103.37,2014,5,28,2,0
2014-05-29,326624.5773325,1586,74837.0,104.26,2014,5,29,3,0
2014-05-30,375782.6398709,1224,77930.0,103.4,2014,5,30,4,0
2014-05-31,597192.467989,267,97007.0,103.4,2014,5,31,5,1
2014-06-01,742732.830236,123,101478.0,103.4,2014,6,1,6,1
2014-06-02,512725.7729758,195,83193.0,103.07,2014,6,2,0,0
2014-06-03,443636.187975,213,79665.0,103.34,2014,6,3,1,0
2014-06-04,423284.494993,236,78673.0,103.27,2014,6,4,2,0
2014-06-05,359474.513823,1616,73882.0,103.17,2014,6,5,3,0
2014-06-06,391266.125449,1264,77054.0,103.32,2014,6,6,4,0
2014-06-07,557142.461024,197,94798.0,103.32,2014,6,7,5,1
2014-06-08,626026.956957,215,91509.0,103.32,2014,6,8,6,1
2014-06-09,415798.946041,199,76770.0,105.09,2014,6,9,0,0
2014-06-10,351689.4229725,199,72457.0,105.02,2014,6,10,1,0
2014-06-11,373828.16418,258,74691.0,105.04,2014,6,11,2,0
2014-06-12,329408.06736,1979,70928.0,107.2,2014,6,12,3,0
2014-06-13,392308.374573,1335,79126.0,107.49,2014,6,13,4,0
2014-06-14,622072.988944,278,106217.0,107.49,2014,6,14,5,1
2014-06-15,441279.9339945,250,81730.0,107.49,2014,6,15,6,1
2014-06-16,447450.23987,338,78357.0,107.52,2014,6,16,0,0
2014-06-17,380396.036044,380,74593.0,106.95,2014,6,17,1,0
2014-06-18,373408.6641423,425,73547.0,106.64,2014,6,18,2,0
2014-06-19,332280.93509600003,2359,69533.0,107.08,2014,6,19,3,0
2014-06-20,369206.789547,1933,74637.0,107.95,2014,6,20,4,0
2014-06-21,538613.855166,308,90482.0,107.95,2014,6,21,5,1
2014-06-22,591184.1240535,360,88830.0,107.95,2014,6,22,6,1
2014-06-23,414929.6359765,237,74621.0,106.83,2014,6,23,0,0
2014-06-24,340464.7450455,266,69887.0,106.64,2014,6,24,1,0
2014-06-25,355342.398017,354,73770.0,107.04,2014,6,25,2,0
2014-06-26,315798.180924,2168,68189.0,106.49,2014,6,26,3,0
2014-06-27,370793.573429,2732,73887.0,106.46,2014,6,27,4,0
2014-06-28,510870.81398,425,86469.0,106.46,2014,6,28,5,1
2014-06-29,567218.8850125,302,83832.0,106.46,2014,6,29,6,1
2014-06-30,429324.0552005,352,76339.0,106.07,2014,6,30,0,0
2014-07-01,720480.616788,2320,79972.0,106.06,2014,7,1,1,0
2014-07-02,747430.1471275,4310,83075.0,105.18,2014,7,2,2,0
2014-07-03,583844.7207922,2383,77099.0,104.76,2014,7,3,3,0
2014-07-04,595424.31324,4056,78171.0,104.76,2014,7,4,4,0
2014-07-05,817307.1101677,610,92536.0,104.76,2014,7,5,5,1
2014-07-06,918276.596259,583,90910.0,104.76,2014,7,6,6,1
2014-07-07,638526.428909,492,79130.0,104.19,2014,7,7,0,0
2014-07-08,557291.4975265,2183,74393.0,104.06,2014,7,8,1,0
2014-07-09,574451.409963,4281,73421.0,102.93,2014,7,9,2,0
2014-07-10,498047.54898,2465,71722.0,103.61,2014,7,10,3,0
2014-07-11,535644.182793,4057,74586.0,101.48,2014,7,11,4,0
2014-07-12,756698.7523004999,568,89793.0,101.48,2014,7,12,5,1
2014-07-13,733653.779849,720,79840.0,101.48,2014,7,13,6,1
2014-07-14,584867.15114,617,76320.0,101.73,2014,7,14,0,0
2014-07-15,562860.0268329,2329,76497.0,100.56,2014,7,15,1,0
2014-07-16,621336.4939885,4446,77335.0,101.88,2014,7,16,2,0
2014-07-17,498221.7050971,2416,72365.0,103.84,2014,7,17,3,0
2014-07-18,547619.0590519,4275,76812.0,103.83,2014,7,18,4,0
2014-07-19,728988.226204,759,88541.0,103.83,2014,7,19,5,1
2014-07-20,776474.1180457,636,82660.0,103.83,2014,7,20,6,1
2014-07-21,600228.430008,592,77658.0,105.34,2014,7,21,0,0
2014-07-22,530276.040011,2287,73749.0,104.59,2014,7,22,1,0
2014-07-23,574168.635995,4459,74346.0,103.81,2014,7,23,2,0
2014-07-24,484618.8170115,2425,72513.0,102.76,2014,7,24,3,0
2014-07-25,579767.285128,4395,78229.0,105.23,2014,7,25,4,0
2014-07-26,688919.5500267,673,87657.0,105.23,2014,7,26,5,1
2014-07-27,747307.86662,605,81927.0,105.23,2014,7,27,6,1
2014-07-28,583936.68549,557,77123.0,105.68,2014,7,28,0,0
2014-07-29,524743.3250017,2207,73622.0,104.91,2014,7,29,1,0
2014-07-30,578056.965281,4640,74905.0,104.29,2014,7,30,2,0
2014-07-31,532423.558194,2319,75434.0,98.23,2014,7,31,3,0
2014-08-01,506826.7949305,4407,87196.0,97.86,2014,8,1,4,0
2014-08-02,626533.637869,506,97649.0,97.86,2014,8,2,5,1
2014-08-03,625898.205888,453,90780.0,97.86,2014,8,3,6,1
2014-08-04,471173.304022,402,83158.0,98.26,2014,8,4,0,0
2014-08-05,417197.476176,395,79178.0,97.34,2014,8,5,1,0
2014-08-06,402914.370941,515,78787.0,96.93,2014,8,6,2,0
2014-08-07,359701.53298899997,2310,74620.0,97.34,2014,8,7,3,0
2014-08-08,397759.9389829,4308,78698.0,97.61,2014,8,8,4,0
2014-08-09,496192.787084,574,88010.0,97.61,2014,8,9,5,1
2014-08-10,509681.7650025,612,82185.0,97.61,2014,8,10,6,1
2014-08-11,409544.575013,530,78908.0,98.09,2014,8,11,0,0
2014-08-12,353898.211991,488,73280.0,97.36,2014,8,12,1,0
2014-08-13,372116.544964,623,76370.0,97.57,2014,8,13,2,0
2014-08-14,340740.8170565,2331,73787.0,95.54,2014,8,14,3,0
2014-08-15,402631.8400593,4456,81345.0,97.3,2014,8,15,4,0
2014-08-16,533996.15517,578,91797.0,97.3,2014,8,16,5,1
2014-08-17,564443.173007,559,87306.0,97.3,2014,8,17,6,1
2014-08-18,433042.298907,514,80849.0,96.44,2014,8,18,0,0
2014-08-19,379329.9530773,512,77282.0,94.35,2014,8,19,1,0
2014-08-20,398126.790988,582,79897.0,96.4,2014,8,20,2,0
2014-08-21,355108.8749955,2412,75218.0,93.97,2014,8,21,3,0
2014-08-22,388359.8983235,4479,78705.0,93.61,2014,8,22,4,0
2014-08-23,499678.208204,649,89623.0,93.61,2014,8,23,5,1
2014-08-24,528990.5611087,680,85697.0,93.61,2014,8,24,6,1
2014-08-25,412250.075007,591,77287.0,95.39,2014,8,25,0,0
2014-08-26,355053.9079745,516,74029.0,95.78,2014,8,26,1,0
2014-08-27,366321.498077,623,75594.0,95.82,2014,8,27,2,0
2014-08-28,327912.427,2175,71897.0,96.44,2014,8,28,3,0
2014-08-29,403288.917062,4268,78280.0,97.86,2014,8,29,4,0
2014-08-30,586373.694132,437,96128.0,97.86,2014,8,30,5,1
2014-08-31,660088.183052,455,94032.0,97.86,2014,8,31,6,1
2014-09-01,812526.219024,633,87941.0,97.86,2014,9,1,0,0
2014-09-02,717351.552768,2300,83895.0,92.92,2014,9,2,1,0
2014-09-03,726683.8617375,4724,83264.0,95.5,2014,9,3,2,0
2014-09-04,551340.0774347,2657,76357.0,94.51,2014,9,4,3,0
2014-09-05,603043.241921,4802,79393.0,93.32,2014,9,5,4,0
2014-09-06,870139.4459765,959,97051.0,93.32,2014,9,6,5,1
2014-09-07,997964.077948,942,97206.0,93.32,2014,9,7,6,1
2014-09-08,648651.744928,802,80954.0,92.64,2014,9,8,0,0
2014-09-09,562420.568002,2511,75647.0,92.73,2014,9,9,1,0
2014-09-10,612987.4722337,4874,77110.0,91.71,2014,9,10,2,0
2014-09-11,483462.953022,2737,73413.0,92.89,2014,9,11,3,0
2014-09-12,564382.847851,4727,77324.0,92.18,2014,9,12,4,0
2014-09-13,795802.238124,1018,94599.0,92.18,2014,9,13,5,1
2014-09-14,896501.5622945,1020,91685.0,92.18,2014,9,14,6,1
2014-09-15,630710.5728885,870,80209.0,92.86,2014,9,15,0,0
2014-09-16,608239.973016,2647,78628.0,94.91,2014,9,16,1,0
2014-09-17,617472.3442115,4999,76934.0,94.33,2014,9,17,2,0
2014-09-18,479500.843061,2683,71000.0,93.07,2014,9,18,3,0
2014-09-19,550213.093909,4614,75575.0,92.43,2014,9,19,4,0
2014-09-20,808490.763077,898,94175.0,92.43,2014,9,20,5,1
2014-09-21,901420.451004,975,91092.0,92.43,2014,9,21,6,1
2014-09-22,589120.293928,798,76335.0,91.46,2014,9,22,0,0
2014-09-23,559954.304399,2593,74715.0,91.55,2014,9,23,1,0
2014-09-24,598183.114508,4837,75802.0,93.6,2014,9,24,2,0
2014-09-25,466867.377076,2489,70769.0,93.59,2014,9,25,3,0
2014-09-26,515474.223943,4319,73141.0,95.55,2014,9,26,4,0
2014-09-27,781202.367982,632,90831.0,95.55,2014,9,27,5,1
2014-09-28,886531.789814,739,89876.0,95.55,2014,9,28,6,1
2014-09-29,586682.822002,582,76390.0,94.53,2014,9,29,0,0
2014-09-30,599093.9157257,2278,77820.0,91.17,2014,9,30,1,0
2014-10-01,784500.253914,4804,84960.0,90.74,2014,10,1,2,0
2014-10-02,634306.519052,2616,79575.0,91.02,2014,10,2,3,0
2014-10-03,675639.295098,4482,84217.0,89.76,2014,10,3,4,0
2014-10-04,931317.51302,735,99718.0,89.76,2014,10,4,5,1
2014-10-05,985466.962071,658,94446.0,89.76,2014,10,5,6,1
2014-10-06,641480.757266,606,80160.0,90.33,2014,10,6,0,0
2014-10-07,586410.2709706,2353,78066.0,88.89,2014,10,7,1,0
2014-10-08,620201.323059,4784,77046.0,87.29,2014,10,8,2,0
2014-10-09,510519.923104,2450,74220.0,85.76,2014,10,9,3,0
2014-10-10,702470.317955,4569,83961.0,85.87,2014,10,10,4,0
2014-10-11,748309.153739,564,91360.0,85.87,2014,10,11,5,1
2014-10-12,843971.132714,648,86736.0,85.87,2014,10,12,6,1
2014-10-13,611726.926015,565,76957.0,85.73,2014,10,13,0,0
2014-10-14,550589.573294,2357,73921.0,81.72,2014,10,14,1,0
2014-10-15,624797.469491,4945,77781.0,81.82,2014,10,15,2,0
2014-10-16,538252.607117,2557,73632.0,82.33,2014,10,16,3,0
2014-10-17,558538.135999,4551,75640.0,82.8,2014,10,17,4,0
2014-10-18,820840.970792,769,94313.0,82.8,2014,10,18,5,1
2014-10-19,935410.595877,769,92246.0,82.8,2014,10,19,6,1
2014-10-20,624629.990941,609,78183.0,82.76,2014,10,20,0,0
2014-10-21,542207.165266,2086,73577.0,83.25,2014,10,21,1,0
2014-10-22,584926.355993,4755,73816.0,80.52,2014,10,22,2,0
2014-10-23,492233.2322,2526,71293.0,82.81,2014,10,23,3,0
2014-10-24,528403.680064,4477,73477.0,81.27,2014,10,24,4,0
2014-10-25,758926.230707,1003,92005.0,81.27,2014,10,25,5,1
2014-10-26,892128.498949,1020,90363.0,81.27,2014,10,26,6,1
2014-10-27,572806.6319285,583,74434.0,81.26,2014,10,27,0,0
2014-10-28,512678.811505,2327,72417.0,81.36,2014,10,28,1,0
2014-10-29,560819.6780005,4953,74037.0,82.25,2014,10,29,2,0
2014-10-30,459715.26616,2357,71373.0,81.06,2014,10,30,3,0
2014-10-31,561876.0719155,4421,79380.0,80.53,2014,10,31,4,0
2014-11-01,873539.2478855,975,96265.0,80.53,2014,11,1,5,1
2014-11-02,709851.4922288,944,78183.0,80.53,2014,11,2,6,1
2014-11-03,973192.041735,690,91982.0,78.77,2014,11,3,0,0
2014-11-04,702751.953595,2373,80319.0,77.15,2014,11,4,1,0
2014-11-05,718799.9390395,4858,80883.0,78.71,2014,11,5,2,0
2014-11-06,566118.381055,2519,75527.0,77.87,2014,11,6,3,0
2014-11-07,585330.25773,4392,77407.0,78.71,2014,11,7,4,0
2014-11-08,816064.644983,861,93764.0,78.71,2014,11,8,5,1
2014-11-09,941478.422301,956,92456.0,78.71,2014,11,9,6,1
2014-11-10,593376.793073,540,75496.0,77.43,2014,11,10,0,0
2014-11-11,552505.750307,2362,73496.0,77.85,2014,11,11,1,0
2014-11-12,588093.484021,4810,75032.0,77.16,2014,11,12,2,0
2014-11-13,468057.386823,2503,71007.0,74.13,2014,11,13,3,0
2014-11-14,553007.970965,4434,76645.0,75.91,2014,11,14,4,0
2014-11-15,786124.201177,1184,92867.0,75.91,2014,11,15,5,1
2014-11-16,956619.401927,1058,92544.0,75.91,2014,11,16,6,1
2014-11-17,620876.340058,754,77532.0,75.64,2014,11,17,0,0
2014-11-18,553367.204141,2663,74317.0,74.55,2014,11,18,1,0
2014-11-19,580234.0113007,5147,72588.0,74.55,2014,11,19,2,0
2014-11-20,511855.7610447,2824,73630.0,75.63,2014,11,20,3,0
2014-11-21,567978.732759,4573,77423.0,76.52,2014,11,21,4,0
2014-11-22,763720.148593,868,91986.0,76.52,2014,11,22,5,1
2014-11-23,907432.656994,973,90947.0,76.52,2014,11,23,6,1
2014-11-24,610847.95702,710,76731.0,75.74,2014,11,24,0,0
2014-11-25,541225.608011,2544,73268.0,74.04,2014,11,25,1,0
2014-11-26,579125.306002,5021,74865.0,73.7,2014,11,26,2,0
2014-11-27,475823.897052,2774,71278.0,73.7,2014,11,27,3,0
2014-11-28,559619.825094,4654,78509.0,65.94,2014,11,28,4,0
2014-11-29,850925.105136,994,96504.0,65.94,2014,11,29,5,1
2014-11-30,1023691.281592,1076,96847.0,65.94,2014,11,30,6,1
2014-12-01,817413.561974,1423,86943.0,68.98,2014,12,1,0,0
2014-12-02,735319.1840285,3045,84903.0,66.99,2014,12,2,1,0
2014-12-03,715127.614539,5359,82957.0,67.3,2014,12,3,2,0
2014-12-04,578961.517004,3216,79357.0,66.73,2014,12,4,3,0
2014-12-05,635445.153317,4849,84023.0,65.89,2014,12,5,4,0
2014-12-06,829386.70612,1151,95549.0,65.89,2014,12,6,5,1
2014-12-07,1013889.8074,1165,97587.0,65.89,2014,12,7,6,1
2014-12-08,790283.289992,922,86182.0,63.13,2014,12,8,0,0
2014-12-09,665123.962957,2992,82255.0,63.74,2014,12,9,1,0
2014-12-10,732121.033873,5562,84084.0,60.99,2014,12,10,2,0
2014-12-11,580542.178879,3159,83115.0,60.01,2014,12,11,3,0
2014-12-12,642760.387245,4853,86621.0,57.81,2014,12,12,4,0
2014-12-13,854830.905829,1261,104404.0,57.81,2014,12,13,5,1
2014-12-14,999106.1325775,1410,102605.0,57.81,2014,12,14,6,1
2014-12-15,790182.945791,1025,94336.0,55.96,2014,12,15,0,0
2014-12-16,799067.056179,2973,96222.0,55.97,2014,12,16,1,0
2014-12-17,779966.499188,5290,99887.0,56.43,2014,12,17,2,0
2014-12-18,731938.479893,3179,102225.0,54.18,2014,12,18,3,0
2014-12-19,757349.3758179,4940,104187.0,56.91,2014,12,19,4,0
2014-12-20,935555.52434,1534,118293.0,56.91,2014,12,20,5,1
2014-12-21,1056605.2012285,1579,118694.0,56.91,2014,12,21,6,1
2014-12-22,1008143.3460193,1582,134574.0,55.25,2014,12,22,0,0
2014-12-23,1064977.9730725,3365,144513.0,56.78,2014,12,23,1,0
2014-12-24,965982.871715,5828,156546.0,55.7,2014,12,24,2,0
2014-12-26,872098.456795,5714,108760.0,54.59,2014,12,26,4,0
2014-12-27,740596.158932,1747,98956.0,54.59,2014,12,27,5,1
2014-12-28,716329.635071,1859,86890.0,54.59,2014,12,28,6,1
2014-12-29,773998.401175,1783,100363.0,53.46,2014,12,29,0,0
2014-12-30,912970.533204,3494,117100.0,54.14,2014,12,30,1,0
2014-12-31,844380.469674,5648,126952.0,53.45,2014,12,31,2,0
2015-01-01,12773.61698,12,2202.0,53.45,2015,1,1,3,0
2015-01-02,657763.391981,4949,96809.0,52.72,2015,1,2,4,0
2015-01-03,648880.686926,1306,96288.0,52.72,2015,1,3,5,1
2015-01-04,730923.776022,1295,94496.0,52.72,2015,1,4,6,1
2015-01-05,569267.29796,1148,88880.0,50.05,2015,1,5,0,0
2015-01-06,477886.741053,1042,82581.0,47.98,2015,1,6,1,0
2015-01-07,494160.850117,1291,83804.0,48.69,2015,1,7,2,0
2015-01-08,417482.689131,3063,77474.0,48.8,2015,1,8,3,0
2015-01-09,439381.226073,4761,79379.0,48.35,2015,1,9,4,0
2015-01-10,569956.90801,954,92717.0,48.35,2015,1,10,5,1
2015-01-11,694860.9511,1058,94679.0,48.35,2015,1,11,6,1
2015-01-12,442845.544014,1043,79557.0,46.06,2015,1,12,0,0
2015-01-13,393799.993059,1213,75846.0,45.92,2015,1,13,1,0
2015-01-14,400923.97107,1586,77003.0,48.49,2015,1,14,2,0
2015-01-15,371146.144942,2608,73949.0,46.37,2015,1,15,3,0
2015-01-16,423599.9357975,4510,76133.0,48.49,2015,1,16,4,0
2015-01-17,621865.434007,712,96331.0,48.49,2015,1,17,5,1
2015-01-18,678277.030991,577,92139.0,48.49,2015,1,18,6,1
2015-01-19,448217.896919,588,77981.0,48.49,2015,1,19,0,0
2015-01-20,405308.77722,569,75810.0,46.79,2015,1,20,1,0
2015-01-21,413202.592067,697,77316.0,47.85,2015,1,21,2,0
2015-01-22,364862.5390355,2598,73150.0,45.93,2015,1,22,3,0
2015-01-23,416937.181925,4475,76086.0,45.26,2015,1,23,4,0
2015-01-24,588849.871003,632,94292.0,45.26,2015,1,24,5,1
2015-01-25,631623.951015,616,89418.0,45.26,2015,1,25,6,1
2015-01-26,410009.617966,540,74534.0,44.8,2015,1,26,0,0
2015-01-27,360009.850046,560,71018.0,45.84,2015,1,27,1,0
2015-01-28,376935.916035,639,73108.0,44.08,2015,1,28,2,0
2015-01-29,343062.160973,2696,70000.0,44.12,2015,1,29,3,0
2015-01-30,435899.6719165,4647,79491.0,47.79,2015,1,30,4,0
2015-01-31,656205.841844,763,96588.0,47.79,2015,1,31,5,1
2015-02-01,815294.475951,727,98364.0,47.79,2015,2,1,6,1
2015-02-02,538301.886974,653,84117.0,49.25,2015,2,2,0,0
2015-02-03,475249.842928,583,80387.0,53.04,2015,2,3,1,0
2015-02-04,451923.147059,687,80565.0,48.45,2015,2,4,2,0
2015-02-05,407491.967944,2640,78116.0,50.48,2015,2,5,3,0
2015-02-06,437147.54517,4645,79259.0,51.66,2015,2,6,4,0
2015-02-07,599911.594879,721,94991.0,51.66,2015,2,7,5,1
2015-02-08,622994.231951,690,88360.0,51.66,2015,2,8,6,1
2015-02-09,458002.152043,722,79999.0,52.99,2015,2,9,0,0
2015-02-10,400825.9849177,694,76983.0,50.06,2015,2,10,1,0
2015-02-11,400115.3330245,766,78118.0,48.8,2015,2,11,2,0
2015-02-12,384963.142969,2613,78137.0,51.17,2015,2,12,3,0
2015-02-13,493265.468013,4536,95708.0,52.66,2015,2,13,4,0
2015-02-14,562855.068099,697,105818.0,52.66,2015,2,14,5,1
2015-02-15,434886.671834,576,77512.0,52.66,2015,2,15,6,1
2015-02-16,420740.903983,574,75439.0,52.66,2015,2,16,0,0
2015-02-17,483088.13409300003,609,79643.0,53.56,2015,2,17,1,0
2015-02-18,497499.057967,670,85992.0,52.13,2015,2,18,2,0
2015-02-19,436360.905914,2616,78446.0,51.12,2015,2,19,3,0
2015-02-20,483681.015026,4387,84726.0,49.95,2015,2,20,4,0
2015-02-21,572753.075038,443,92718.0,49.95,2015,2,21,5,1
2015-02-22,691339.067796,573,95074.0,49.95,2015,2,22,6,1
2015-02-23,443349.890841,425,76355.0,49.56,2015,2,23,0,0
2015-02-24,407890.277971,411,76065.0,48.48,2015,2,24,1,0
2015-02-25,395774.954032,476,75253.0,50.25,2015,2,25,2,0
2015-02-26,354938.226975,2631,71797.0,47.65,2015,2,26,3,0
2015-02-27,436488.424914,4475,80395.0,49.84,2015,2,27,4,0
2015-02-28,635263.400075,504,97647.0,49.84,2015,2,28,5,1
2015-03-01,820434.978924,617,100885.0,49.84,2015,3,1,6,1
2015-03-02,546037.787999,464,84649.0,49.59,2015,3,2,0,0
2015-03-03,492365.24083,571,83100.0,50.43,2015,3,3,1,0
2015-03-04,483330.548167,608,84199.0,51.53,2015,3,4,2,0
2015-03-05,428599.809059,2679,79040.0,50.76,2015,3,5,3,0
2015-03-06,463723.974873,4451,82542.0,49.61,2015,3,6,4,0
2015-03-07,657377.210913,660,102516.0,49.61,2015,3,7,5,1
2015-03-08,659563.411966,538,95738.0,49.61,2015,3,8,6,1
2015-03-09,480371.950086,557,83173.0,49.95,2015,3,9,0,0
2015-03-10,457881.7640763,567,82922.0,48.42,2015,3,10,1,0
2015-03-11,425617.727075,572,80024.0,48.06,2015,3,11,2,0
2015-03-12,382588.6690535,2664,75430.0,47.12,2015,3,12,3,0
2015-03-13,434805.995204,4501,80200.0,44.88,2015,3,13,4,0
2015-03-14,616609.760896,649,98468.0,44.88,2015,3,14,5,1
2015-03-15,662700.871933,636,93123.0,44.88,2015,3,15,6,1
2015-03-16,466598.425914,597,81430.0,43.93,2015,3,16,0,0
2015-03-17,415359.51603,581,77689.0,43.39,2015,3,17,1,0
2015-03-18,398629.999994,600,75660.0,44.63,2015,3,18,2,0
2015-03-19,373324.3829895,2698,74414.0,44.02,2015,3,19,3,0
2015-03-20,467687.945081,4477,83777.0,46.0,2015,3,20,4,0
2015-03-21,624099.228222,597,99233.0,46.0,2015,3,21,5,1
2015-03-22,646466.401887,666,93794.0,46.0,2015,3,22,6,1
2015-03-23,462664.2370045,543,80606.0,47.4,2015,3,23,0,0
2015-03-24,407369.722015,445,77293.0,47.03,2015,3,24,1,0
2015-03-25,408258.189916,579,77842.0,48.75,2015,3,25,2,0
2015-03-26,367006.957001,2769,73600.0,51.41,2015,3,26,3,0
2015-03-27,436906.608975,4596,80951.0,48.83,2015,3,27,4,0
2015-03-28,589854.7040575,587,94064.0,48.83,2015,3,28,5,1
2015-03-29,641213.770163,669,91104.0,48.83,2015,3,29,6,1
2015-03-30,437878.834978,632,77318.0,48.66,2015,3,30,0,0
2015-03-31,443278.893073,590,80716.0,47.72,2015,3,31,1,0
2015-04-01,557223.161038,777,89824.0,50.12,2015,4,1,2,0
2015-04-02,524588.902022,2854,90983.0,49.13,2015,4,2,3,0
2015-04-03,510296.785948,4598,85946.0,49.13,2015,4,3,4,0
2015-04-04,653894.195903,712,99813.0,49.13,2015,4,4,5,1
2015-04-05,659669.577136,707,91181.0,49.13,2015,4,5,6,1
2015-04-06,519734.816963,578,85469.0,52.08,2015,4,6,0,0
2015-04-07,464788.21798,631,81779.0,53.95,2015,4,7,1,0
2015-04-08,461140.213006,753,81262.0,50.44,2015,4,8,2,0
2015-04-09,398718.315935,2883,76461.0,50.79,2015,4,9,3,0
2015-04-10,445869.298012,4725,81510.0,51.63,2015,4,10,4,0
2015-04-11,610603.017074,736,97337.0,51.63,2015,4,11,5,1
2015-04-12,659939.024086,715,95678.0,51.63,2015,4,12,6,1
2015-04-13,453724.756048,643,82116.0,51.95,2015,4,13,0,0
2015-04-14,403623.396979,666,75244.0,53.3,2015,4,14,1,0
2015-04-15,438106.287965,739,80265.0,56.25,2015,4,15,2,0
2015-04-16,418643.193957,3374,77637.0,56.69,2015,4,16,3,0
2015-04-17,456303.236748,5102,80726.0,55.71,2015,4,17,4,0
2015-04-18,629155.66071,1195,99304.0,55.71,2015,4,18,5,1
2015-04-19,684544.950159,1249,94790.0,55.71,2015,4,19,6,1
2015-04-20,481694.770966,1146,82615.0,56.37,2015,4,20,0,0
2015-04-21,426018.313035,1090,78187.0,55.58,2015,4,21,1,0
2015-04-22,421108.210059,1250,78529.0,56.17,2015,4,22,2,0
2015-04-23,392147.042002,3300,75289.0,56.59,2015,4,23,3,0
2015-04-24,437625.507963,5216,79301.0,55.98,2015,4,24,4,0
2015-04-25,588781.512939,1185,95572.0,55.98,2015,4,25,5,1
2015-04-26,625901.000988,1169,90784.0,55.98,2015,4,26,6,1
2015-04-27,425049.148087,1046,77486.0,55.56,2015,4,27,0,0
2015-04-28,374839.1850745,1057,73013.0,57.05,2015,4,28,1,0
2015-04-29,398724.330055,1012,75690.0,58.55,2015,4,29,2,0
2015-04-30,432612.141938,3267,79564.0,59.62,2015,4,30,3,0
2015-05-01,674509.400095,5555,94567.0,59.1,2015,5,1,4,0
2015-05-02,711052.273896,1343,100716.0,59.1,2015,5,2,5,1
2015-05-03,742887.785029,1381,94618.0,59.1,2015,5,3,6,1
2015-05-04,556245.147953,1282,84198.0,58.92,2015,5,4,0,0
2015-05-05,509493.227021,1240,82729.0,60.38,2015,5,5,1,0
2015-05-06,504999.550962,1340,83390.0,60.93,2015,5,6,2,0
2015-05-07,444082.309939,3372,80437.0,58.99,2015,5,7,3,0
2015-05-08,481304.22297,5130,85892.0,59.41,2015,5,8,4,0
2015-05-09,706705.4400759999,1156,115616.0,59.41,2015,5,9,5,1
2015-05-10,558062.273048,1024,95869.0,59.41,2015,5,10,6,1
2015-05-11,524864.051063,1055,81414.0,59.23,2015,5,11,0,0
2015-05-12,452162.874045,1014,77407.0,60.72,2015,5,12,1,0
2015-05-13,446915.639008,1172,75555.0,60.5,2015,5,13,2,0
2015-05-14,395609.666087,3153,72043.0,59.89,2015,5,14,3,0
2015-05-15,483535.538107,5076,80107.0,59.73,2015,5,15,4,0
2015-05-16,709798.552994,1196,99115.0,59.73,2015,5,16,5,1
2015-05-17,798186.132143,1060,97521.0,59.73,2015,5,17,6,1
2015-05-18,496595.01098,968,80398.0,59.44,2015,5,18,0,0
2015-05-19,446375.4880335,999,76783.0,57.3,2015,5,19,1,0
2015-05-20,466238.630977,1232,78779.0,58.96,2015,5,20,2,0
2015-05-21,417006.136035,3115,74029.0,60.18,2015,5,21,3,0
2015-05-22,458727.917031,4923,78307.0,58.88,2015,5,22,4,0
2015-05-23,658882.9229615,970,95351.0,58.88,2015,5,23,5,1
2015-05-24,738068.426823,1012,93816.0,58.88,2015,5,24,6,1
2015-05-25,534802.790004,941,77956.0,58.88,2015,5,25,0,0
2015-05-26,463132.406006,887,74097.0,57.29,2015,5,26,1,0
2015-05-27,481804.96096,1007,76164.0,57.51,2015,5,27,2,0
2015-05-28,428506.881011,3183,73171.0,57.69,2015,5,28,3,0
2015-05-29,560519.530038,5079,83081.0,60.25,2015,5,29,4,0
2015-05-30,855728.291973,992,102728.0,60.25,2015,5,30,5,1
2015-05-31,1023564.76704,1025,108057.0,60.25,2015,5,31,6,1
2015-06-01,812081.2027655,1388,91732.0,60.24,2015,6,1,0,0
2015-06-02,753430.6418917,3643,84760.0,61.3,2015,6,2,1,0
2015-06-03,747929.452075,5581,82916.0,59.67,2015,6,3,2,0
2015-06-04,608994.6461083,3401,79588.0,58.0,2015,6,4,3,0
2015-06-05,657675.126037,5144,83671.0,59.11,2015,6,5,4,0
2015-06-06,904437.271141,1066,99584.0,59.11,2015,6,6,5,1
2015-06-07,1070695.9178497,1068,98730.0,59.11,2015,6,7,6,1
2015-06-08,696952.81204,949,81106.0,58.15,2015,6,8,0,0
2015-06-09,623725.1071692,3216,78401.0,60.15,2015,6,9,1,0
2015-06-10,641435.3719983,5373,77775.0,61.36,2015,6,10,2,0
2015-06-11,510019.1489275,1369,73723.0,60.74,2015,6,11,3,0
2015-06-12,606616.000975,6500,79332.0,59.96,2015,6,12,4,0
2015-06-13,840727.775905,1564,95583.0,59.96,2015,6,13,5,1
2015-06-14,967745.7218685,2239,93452.0,59.96,2015,6,14,6,1
2015-06-15,666557.1317587,1495,79423.0,59.53,2015,6,15,0,0
2015-06-16,672637.824072,3629,80948.0,60.01,2015,6,16,1,0
2015-06-17,677171.157112,8606,80273.0,59.89,2015,6,17,2,0
2015-06-18,556155.0391433,1775,76902.0,60.41,2015,6,18,3,0
2015-06-19,659233.5706609,6748,83715.0,59.62,2015,6,19,4,0
2015-06-20,936951.654373,1586,108362.0,59.62,2015,6,20,5,1
2015-06-21,790568.421132,2389,92077.0,59.62,2015,6,21,6,1
2015-06-22,701208.22895,1617,81755.0,60.01,2015,6,22,0,0
2015-06-23,640322.326029,3756,78858.0,61.05,2015,6,23,1,0
2015-06-24,643411.714061,9265,74979.0,60.01,2015,6,24,2,0
2015-06-25,518700.9558973,1154,72661.0,59.59,2015,6,25,3,0
2015-06-26,593299.460788,6213,78165.0,59.41,2015,6,26,4,0
2015-06-27,831492.4641955,1166,92052.0,59.41,2015,6,27,5,1
2015-06-28,976563.5890657,1994,93170.0,59.41,2015,6,28,6,1
2015-06-29,639072.192193,1006,76946.0,58.34,2015,6,29,0,0
2015-06-30,669548.425059,2927,80264.0,59.48,2015,6,30,1,0
2015-07-01,885953.200992,8448,89117.0,56.94,2015,7,1,2,0
2015-07-02,705642.2820965,1306,83862.0,56.93,2015,7,2,3,0
2015-07-03,772773.3939200001,6484,88101.0,56.93,2015,7,3,4,0
2015-07-04,1018541.84294,1252,102116.0,56.93,2015,7,4,5,1
2015-07-05,982427.6819,2065,94248.0,56.93,2015,7,5,6,1
2015-07-06,754949.70914,1033,86147.0,52.48,2015,7,6,0,0
2015-07-07,654821.0515315,2971,76716.0,52.33,2015,7,7,1,0
2015-07-08,732992.130029,8236,84116.0,51.61,2015,7,8,2,0
2015-07-09,605032.4963965,1214,79197.0,52.76,2015,7,9,3,0
2015-07-10,643986.381178,6406,81733.0,52.74,2015,7,10,4,0
2015-07-11,794984.703157,1137,91861.0,52.74,2015,7,11,5,1
2015-07-12,898731.936734,1942,90004.0,52.74,2015,7,12,6,1
2015-07-13,647967.077874,1009,80081.0,52.19,2015,7,13,0,0
2015-07-14,601452.258023,2851,76798.0,53.05,2015,7,14,1,0
2015-07-15,664505.1001790001,8255,80203.0,51.4,2015,7,15,2,0
2015-07-16,584042.727022,1225,77483.0,50.9,2015,7,16,3,0
2015-07-17,653452.17114,6503,82400.0,50.88,2015,7,17,4,0
2015-07-18,826353.336031,1126,93463.0,50.88,2015,7,18,5,1
2015-07-19,894707.299378,1938,89543.0,50.88,2015,7,19,6,1
2015-07-20,685961.243972,1357,82542.0,50.11,2015,7,20,0,0
2015-07-21,607836.498977,3157,78316.0,50.59,2015,7,21,1,0
2015-07-22,631385.408886,8415,77969.0,49.27,2015,7,22,2,0
2015-07-23,541511.421067,1482,74744.0,48.11,2015,7,23,3,0
2015-07-24,635244.2449785,6714,83784.0,47.98,2015,7,24,4,0
2015-07-25,797427.520942,1529,92906.0,47.98,2015,7,25,5,1
2015-07-26,875032.0362592,2383,90148.0,47.98,2015,7,26,6,1
2015-07-27,652999.1942961001,1466,80240.0,47.17,2015,7,27,0,0
2015-07-28,594977.6665523,3408,77193.0,47.97,2015,7,28,1,0
2015-07-29,625449.98155,8747,78724.0,48.77,2015,7,29,2,0
2015-07-30,543393.592625,1662,75122.0,48.53,2015,7,30,3,0
2015-07-31,695083.4489723,7021,85907.0,47.11,2015,7,31,4,0
2015-08-01,1044894.790061,1448,105307.0,47.11,2015,8,1,5,1
2015-08-02,1043495.475018,2194,97134.0,47.11,2015,8,2,6,1
2015-08-03,811119.83411,1405,89639.0,45.25,2015,8,3,0,0
2015-08-04,726613.35811,3489,85613.0,45.75,2015,8,4,1,0
2015-08-05,724346.594,8919,84912.0,45.13,2015,8,5,2,0
2015-08-06,583375.211759,1529,80008.0,44.69,2015,8,6,3,0
2015-08-07,663326.5180703,6744,85461.0,43.87,2015,8,7,4,0
2015-08-08,784099.215997,1436,93044.0,43.87,2015,8,8,5,1
2015-08-09,679410.125135,2287,79233.0,43.87,2015,8,9,6,1
2015-08-10,785477.934216,1389,87127.0,44.94,2015,8,10,0,0
2015-08-11,668280.357956,3358,82118.0,43.11,2015,8,11,1,0
2015-08-12,678064.7316857,7917,82224.0,43.22,2015,8,12,2,0
2015-08-13,557859.477954,1482,77320.0,42.27,2015,8,13,3,0
2015-08-14,734484.205049,6748,85068.0,42.45,2015,8,14,4,0
2015-08-15,936339.026059,1434,101204.0,42.45,2015,8,15,5,1
2015-08-16,913846.62503,2166,91810.0,42.45,2015,8,16,6,1
2015-08-17,694747.161863,1393,84497.0,41.93,2015,8,17,0,0
2015-08-18,629475.6430527,3316,81121.0,42.58,2015,8,18,1,0
2015-08-19,653733.3600063,7781,81318.0,40.75,2015,8,19,2,0
2015-08-20,569443.704073,1511,78717.0,41.0,2015,8,20,3,0
2015-08-21,653281.208151,7086,85259.0,40.45,2015,8,21,4,0
2015-08-22,803270.157597,1653,94782.0,40.45,2015,8,22,5,1
2015-08-23,865755.397429,2412,89641.0,40.45,2015,8,23,6,1
2015-08-24,681575.9899773,1491,82462.0,38.22,2015,8,24,0,0
2015-08-25,624698.33755,3525,78984.0,39.15,2015,8,25,1,0
2015-08-26,640075.9908365,8142,78623.0,38.5,2015,8,26,2,0
2015-08-27,548043.327354,1462,75910.0,42.47,2015,8,27,3,0
2015-08-28,635737.2322,6846,81668.0,45.29,2015,8,28,4,0
2015-08-29,876953.096934,1484,96050.0,45.29,2015,8,29,5,1
2015-08-30,975697.601858,2310,92502.0,45.29,2015,8,30,6,1
2015-08-31,776152.5521897,1257,86301.0,49.2,2015,8,31,0,0
2015-09-01,906549.992952,3595,90485.0,45.38,2015,9,1,1,0
2015-09-02,879033.0925,8161,88953.0,46.3,2015,9,2,2,0
2015-09-03,707093.042,2241,83192.0,46.75,2015,9,3,3,0
2015-09-04,736395.302632,7802,84429.0,46.02,2015,9,4,4,0
2015-09-05,1052868.394291,2570,103308.0,46.02,2015,9,5,5,1
2015-09-06,1147642.583011,3486,100483.0,46.02,2015,9,6,6,1
2015-09-07,767382.7769737,2391,85728.0,46.02,2015,9,7,0,0
2015-09-08,677312.236066,4385,81290.0,45.92,2015,9,8,1,0
2015-09-09,705633.4998935,8964,81083.0,44.13,2015,9,9,2,0
2015-09-10,577743.795026,2597,76378.0,45.85,2015,9,10,3,0
2015-09-11,651330.167952,7873,80722.0,44.75,2015,9,11,4,0
2015-09-12,921524.436013,2572,96719.0,44.75,2015,9,12,5,1
2015-09-13,1023345.318906,3511,94872.0,44.75,2015,9,13,6,1
2015-09-14,688405.190061,2433,80058.0,44.07,2015,9,14,0,0
2015-09-15,682134.3540295,4657,80367.0,44.58,2015,9,15,1,0
2015-09-16,742089.667998,9156,81886.0,47.12,2015,9,16,2,0
2015-09-17,593577.802125,2563,75483.0,46.93,2015,9,17,3,0
2015-09-18,653805.874946,7943,80610.0,44.71,2015,9,18,4,0
2015-09-19,935893.481059,2727,97499.0,44.71,2015,9,19,5,1
2015-09-20,1037532.860693,3551,94345.0,44.71,2015,9,20,6,1
2015-09-21,717725.376959,2517,81429.0,46.67,2015,9,21,0,0
2015-09-22,641914.7389995,4480,77608.0,46.17,2015,9,22,1,0
2015-09-23,690419.721922,9189,78775.0,44.53,2015,9,23,2,0
2015-09-24,557321.610921,2352,73545.0,44.94,2015,9,24,3,0
2015-09-25,646083.8750635,7739,79507.0,45.55,2015,9,25,4,0
2015-09-26,890486.060145,2486,94388.0,45.55,2015,9,26,5,1
2015-09-27,1018062.963565,3382,92915.0,45.55,2015,9,27,6,1
2015-09-28,671261.0640092,2245,77182.0,44.4,2015,9,28,0,0
2015-09-29,609130.6581453,4278,74165.0,45.24,2015,9,29,1,0
2015-09-30,711182.539054,9027,77848.0,45.06,2015,9,30,2,0
2015-10-01,796340.858947,2231,83792.0,44.75,2015,10,1,3,0
2015-10-02,830719.387744,7801,87428.0,45.54,2015,10,2,4,0
2015-10-03,1179376.177625,2220,105572.0,45.54,2015,10,3,5,1
2015-10-04,1234130.938595,3011,100646.0,45.54,2015,10,4,6,1
2015-10-05,809524.837996,1990,86220.0,46.28,2015,10,5,0,0
2015-10-06,696169.275967,3989,80330.0,48.53,2015,10,6,1,0
2015-10-07,720562.330573,8798,81073.0,47.86,2015,10,7,2,0
2015-10-08,603066.030064,2042,78172.0,49.46,2015,10,8,3,0
2015-10-09,873934.7190479999,7815,90250.0,49.67,2015,10,9,4,0
2015-10-10,867556.973019,1969,94991.0,49.67,2015,10,10,5,1
2015-10-11,973329.203973,2852,90881.0,49.67,2015,10,11,6,1
2015-10-12,721634.5721813,1864,80029.0,47.09,2015,10,12,0,0
2015-10-13,585141.5538577,3899,72375.0,46.7,2015,10,13,1,0
2015-10-14,688198.106351,8778,76395.0,46.63,2015,10,14,2,0
2015-10-15,577952.197162,1289,75010.0,46.38,2015,10,15,3,0
2015-10-16,693829.351874,6959,83029.0,47.3,2015,10,16,4,0
2015-10-17,958052.958031,1355,98871.0,47.3,2015,10,17,5,1
2015-10-18,1071477.102879,2212,96231.0,47.3,2015,10,18,6,1
2015-10-19,699259.488037,1166,79787.0,45.91,2015,10,19,0,0
2015-10-20,660308.361186,3039,78289.0,45.84,2015,10,20,1,0
2015-10-21,672847.3460333,7950,78173.0,45.22,2015,10,21,2,0
2015-10-22,547020.0469813,1019,73095.0,44.9,2015,10,22,3,0
2015-10-23,639040.6062,6519,78019.0,43.91,2015,10,23,4,0
2015-10-24,859950.710621,915,93418.0,43.91,2015,10,24,5,1
2015-10-25,1018783.141953,1822,93799.0,43.91,2015,10,25,6,1
2015-10-26,649914.352338,842,76122.0,43.19,2015,10,26,0,0
2015-10-27,587066.101075,2944,73841.0,43.21,2015,10,27,1,0
2015-10-28,599388.1222552,7811,74249.0,45.93,2015,10,28,2,0
2015-10-29,511860.0689186,1392,70572.0,46.02,2015,10,29,3,0
2015-10-30,635875.8911987,7060,81174.0,46.6,2015,10,30,4,0
2015-10-31,915956.851878,1667,98651.0,46.6,2015,10,31,5,1
2015-11-01,819250.388037,2621,83827.0,46.6,2015,11,1,6,1
2015-11-02,762549.794932,1715,80162.0,46.12,2015,11,2,0,0
2015-11-03,1033439.132986,3898,92896.0,47.88,2015,11,3,1,0
2015-11-04,855494.43996,9041,85572.0,46.32,2015,11,4,2,0
2015-11-05,649662.670907,1872,78103.0,45.27,2015,11,5,3,0
2015-11-06,671145.788057,7448,79994.0,44.32,2015,11,6,4,0
2015-11-07,929723.344157,1881,96498.0,44.32,2015,11,7,5,1
2015-11-08,1077361.9559685,2868,96692.0,44.32,2015,11,8,6,1
2015-11-09,683644.901987,1707,78801.0,43.87,2015,11,9,0,0
2015-11-10,623529.1790699,3788,77488.0,44.23,2015,11,10,1,0
2015-11-11,689746.212316,8741,77427.0,42.95,2015,11,11,2,0
2015-11-12,506937.6640027,1777,72788.0,41.74,2015,11,12,3,0
2015-11-13,626674.025055,7175,80292.0,40.69,2015,11,13,4,0
2015-11-14,867597.332909,2300,96119.0,40.69,2015,11,14,5,1
2015-11-15,1056159.462651,3508,96807.0,40.69,2015,11,15,6,1
2015-11-16,716508.7092175,2524,80136.0,41.68,2015,11,16,0,0
2015-11-17,618919.988059,4525,76290.0,40.73,2015,11,17,1,0
2015-11-18,683954.18795,9935,78369.0,40.75,2015,11,18,2,0
2015-11-19,560452.567301,2888,74410.0,40.55,2015,11,19,3,0
2015-11-20,665619.668251,8109,83456.0,39.39,2015,11,20,4,0
2015-11-21,863726.8816559,2473,94660.0,39.39,2015,11,21,5,1
2015-11-22,1015844.2849005,3537,93697.0,39.39,2015,11,22,6,1
2015-11-23,696685.460932,2307,78586.0,39.27,2015,11,23,0,0
2015-11-24,612710.200935,4508,76930.0,40.89,2015,11,24,1,0
2015-11-25,658917.83013,9548,79328.0,41.22,2015,11,25,2,0
2015-11-26,530358.330027,2134,74586.0,41.22,2015,11,26,3,0
2015-11-27,645087.0350447,7812,83890.0,40.57,2015,11,27,4,0
2015-11-28,850596.003884,2432,95616.0,40.57,2015,11,28,5,1
2015-11-29,1070619.802932,3235,99517.0,40.57,2015,11,29,6,1
2015-11-30,762036.1239965,2190,85256.0,40.43,2015,11,30,0,0
2015-12-01,857620.9426407,5121,87991.0,40.58,2015,12,1,1,0
2015-12-02,867269.5758400001,10113,88508.0,39.93,2015,12,2,2,0
2015-12-03,676883.031992,2513,84532.0,41.08,2015,12,3,3,0
2015-12-04,749354.1319635,8073,87033.0,40.0,2015,12,4,4,0
2015-12-05,966202.367876,2404,100637.0,40.0,2015,12,5,5,1
2015-12-06,1143119.31945,3188,100258.0,40.0,2015,12,6,6,1
2015-12-07,822334.708983,2031,88424.0,37.64,2015,12,7,0,0
2015-12-08,712569.16983,4241,83706.0,37.46,2015,12,8,1,0
2015-12-09,747893.782087,9603,86615.0,37.16,2015,12,9,2,0
2015-12-10,657427.1785246,2013,83880.0,36.76,2015,12,10,3,0
2015-12-11,708392.807819,7574,89351.0,35.65,2015,12,11,4,0
2015-12-12,915667.884291,2179,103409.0,35.65,2015,12,12,5,1
2015-12-13,1059425.4213405,2924,100875.0,35.65,2015,12,13,6,1
2015-12-14,811613.7221567,1672,88540.0,36.31,2015,12,14,0,0
2015-12-15,779809.953397,5965,89726.0,37.32,2015,12,15,1,0
2015-12-16,859930.249129,11274,95973.0,35.55,2015,12,16,2,0
2015-12-17,809809.748717,2120,98732.0,34.98,2015,12,17,3,0
2015-12-18,893569.902701,7493,101639.0,34.72,2015,12,18,4,0
2015-12-19,1095523.5178683,2231,123810.0,34.72,2015,12,19,5,1
2015-12-20,1175416.9636673,3037,120843.0,34.72,2015,12,20,6,1
2015-12-21,1072887.476889,1811,124711.0,34.55,2015,12,21,0,0
2015-12-22,1141861.90926,4122,138921.0,36.12,2015,12,22,1,0
2015-12-23,1196146.056374,9276,153338.0,36.76,2015,12,23,2,0
2015-12-24,1083680.315238,1838,171169.0,37.62,2015,12,24,3,0
2015-12-26,946725.190766,1725,113594.0,37.62,2015,12,26,5,1
2015-12-27,837714.129168,2582,93020.0,37.62,2015,12,27,6,1
2015-12-28,789684.9127821,1316,95257.0,36.36,2015,12,28,0,0
2015-12-29,870762.025758,3848,104623.0,37.88,2015,12,29,1,0
2015-12-30,1030043.735764,9068,118947.0,36.59,2015,12,30,2,0
2015-12-31,964641.5415009999,1638,131826.0,37.13,2015,12,31,3,0
2016-01-01,16433.394,159,0.0,37.13,2016,1,1,4,0
2016-01-02,1066677.424862,1832,69628.0,37.13,2016,1,2,5,1
2016-01-03,1226735.719895,2936,0.0,37.13,2016,1,3,6,1
2016-01-04,955956.875097,1741,17829.0,36.81,2016,1,4,0,0
2016-01-05,835320.439089,3950,89018.0,35.97,2016,1,5,1,0
2016-01-06,821685.655923,8959,88846.0,33.97,2016,1,6,2,0
2016-01-07,653504.3669428,1998,80412.0,33.29,2016,1,7,3,0
2016-01-08,713608.3341557,7235,83344.0,33.2,2016,1,8,4,0
2016-01-09,989209.458148,1793,100975.0,33.2,2016,1,9,5,1
2016-01-10,1094693.83696,2700,97323.0,33.2,2016,1,10,6,1
2016-01-11,705495.240963,1467,80506.0,31.42,2016,1,11,0,0
2016-01-12,647058.461085,3683,77696.0,30.42,2016,1,12,1,0
2016-01-13,660045.317135,8823,76217.0,30.42,2016,1,13,2,0
2016-01-14,561972.62307,1917,74909.0,31.22,2016,1,14,3,0
2016-01-15,671027.100027,7696,83105.0,29.45,2016,1,15,4,0
2016-01-16,959827.146436,2282,99698.0,29.45,2016,1,16,5,1
2016-01-17,1057997.343303,3141,95155.0,29.45,2016,1,17,6,1
2016-01-18,709784.229951,2201,81486.0,29.45,2016,1,18,0,0
2016-01-19,630929.75099,4738,76092.0,28.47,2016,1,19,1,0
2016-01-20,738744.013045,10589,82989.0,26.68,2016,1,20,2,0
2016-01-21,552820.7690359,940,74141.0,29.55,2016,1,21,3,0
2016-01-22,648431.428037,6542,79760.0,32.07,2016,1,22,4,0
2016-01-23,906754.833923,924,95634.0,32.07,2016,1,23,5,1
2016-01-24,980927.7570135,1964,89786.0,32.07,2016,1,24,6,1
2016-01-25,658090.687097,782,76042.0,30.31,2016,1,25,0,0
2016-01-26,609465.787904,3075,75639.0,29.54,2016,1,26,1,0
2016-01-27,647254.67807,8217,76912.0,32.32,2016,1,27,2,0
2016-01-28,533709.8489592,2483,73110.0,33.21,2016,1,28,3,0
2016-01-29,660492.758086,8261,81081.0,33.66,2016,1,29,4,0
2016-01-30,969938.376831,2791,98201.0,33.66,2016,1,30,5,1
2016-01-31,1093211.2294,3759,95671.0,33.66,2016,1,31,6,1
2016-02-01,872063.3148838,2805,87827.0,31.62,2016,2,1,0,0
2016-02-02,765233.207779,4924,84928.0,29.9,2016,2,2,1,0
2016-02-03,772360.939004,9935,84704.0,32.29,2016,2,3,2,0
2016-02-04,650328.166941,3326,82446.0,31.63,2016,2,4,3,0
2016-02-05,768586.5079877,9244,89355.0,30.86,2016,2,5,4,0
2016-02-06,941954.07605,3667,100641.0,30.86,2016,2,6,5,1
2016-02-07,697791.630994,4184,78884.0,30.86,2016,2,7,6,1
2016-02-08,636542.677274,3245,75047.0,29.71,2016,2,8,0,0
2016-02-09,746939.64016,5542,79222.0,27.96,2016,2,9,1,0
2016-02-10,790988.713851,10965,86720.0,27.54,2016,2,10,2,0
2016-02-11,646376.371075,5650,81444.0,26.19,2016,2,11,3,0
2016-02-12,698152.0698755,11248,87451.0,29.32,2016,2,12,4,0
2016-02-13,859023.0269945,6018,101849.0,29.32,2016,2,13,5,1
2016-02-14,940214.498527,6966,99462.0,29.32,2016,2,14,6,1
2016-02-15,746671.290005,5744,83293.0,29.32,2016,2,15,0,0
2016-02-16,719111.88609,6223,81192.0,29.05,2016,2,16,1,0
2016-02-17,723794.722013,11241,80996.0,30.68,2016,2,17,2,0
2016-02-18,570072.678149,3949,74797.0,30.77,2016,2,18,3,0
2016-02-19,672510.133621,9501,82564.0,29.59,2016,2,19,4,0
2016-02-20,883790.2212395,4278,95533.0,29.59,2016,2,20,5,1
2016-02-21,991384.2700283,5431,91533.0,29.59,2016,2,21,6,1
2016-02-22,698907.63622,4009,79775.0,31.37,2016,2,22,0,0
2016-02-23,641329.0610941,6027,77672.0,31.84,2016,2,23,1,0
2016-02-24,675573.377814,11117,78364.0,30.35,2016,2,24,2,0
2016-02-25,557959.327812,3236,74029.0,31.4,2016,2,25,3,0
2016-02-26,641922.8016649,9782,80200.0,31.65,2016,2,26,4,0
2016-02-27,916704.0687289999,5172,95659.0,31.65,2016,2,27,5,1
2016-02-28,994502.727301,6156,90059.0,31.65,2016,2,28,6,1
2016-02-29,726619.7578255,3956,80152.0,32.74,2016,2,29,0,0
2016-03-01,897927.643296,6666,87759.0,34.39,2016,3,1,1,0
2016-03-02,878452.364907,11706,88779.0,34.57,2016,3,2,2,0
2016-03-03,671564.7523075,3490,79787.0,34.56,2016,3,3,3,0
2016-03-04,747546.7958183,9322,86493.0,35.91,2016,3,4,4,0
2016-03-05,1028620.677053,3909,102170.0,35.91,2016,3,5,5,1
2016-03-06,1078958.5091855,4730,95178.0,35.91,2016,3,6,6,1
2016-03-07,738126.524119,3446,84681.0,37.9,2016,3,7,0,0
2016-03-08,642291.3448895,5398,84111.0,36.67,2016,3,8,1,0
2016-03-09,694645.8489091,10754,79580.0,37.62,2016,3,9,2,0
2016-03-10,572491.856825,3430,76879.0,37.77,2016,3,10,3,0
2016-03-11,664893.5129268001,9111,82962.0,38.51,2016,3,11,4,0
2016-03-12,898101.109871,3825,97275.0,38.51,2016,3,12,5,1
2016-03-13,954980.3301475,4613,90435.0,38.51,2016,3,13,6,1
2016-03-14,668066.393105,3453,78924.0,37.2,2016,3,14,0,0
2016-03-15,668186.702459,5709,79651.0,36.32,2016,3,15,1,0
2016-03-16,739805.377693,10828,81758.0,38.43,2016,3,16,2,0
2016-03-17,580452.5319757,4979,76268.0,40.17,2016,3,17,3,0
2016-03-18,666756.8191527,9539,83179.0,39.47,2016,3,18,4,0
2016-03-19,895038.512068,4430,96783.0,39.47,2016,3,19,5,1
2016-03-20,929605.582019,5296,89769.0,39.47,2016,3,20,6,1
2016-03-21,690469.800941,4119,81185.0,39.91,2016,3,21,0,0
2016-03-22,622695.8369947,5900,77409.0,41.45,2016,3,22,1,0
2016-03-23,714881.17408,11249,82331.0,38.28,2016,3,23,2,0
2016-03-24,660489.8450025,2340,86834.0,38.14,2016,3,24,3,0
2016-03-25,633524.200062,7584,78832.0,38.14,2016,3,25,4,0
2016-03-26,800133.5174955,2400,91232.0,38.14,2016,3,26,5,1
2016-03-27,833336.064862,3329,82305.0,38.14,2016,3,27,6,1
2016-03-28,661057.8656583,2380,76647.0,37.99,2016,3,28,0,0
2016-03-29,621166.0630926,4467,75782.0,36.91,2016,3,29,1,0
2016-03-30,660138.988943,9807,75656.0,36.91,2016,3,30,2,0
2016-03-31,617374.3379607,3581,77024.0,36.94,2016,3,31,3,0
2016-04-01,872467.3200749999,9793,89055.0,35.36,2016,4,1,4,0
2016-04-02,1150824.580929,3941,104451.0,35.36,2016,4,2,5,1
2016-04-03,1266908.291001,5092,103230.0,35.36,2016,4,3,6,1
2016-04-04,795237.1920634999,3643,85017.0,34.3,2016,4,4,0,0
2016-04-05,725750.101045,5677,82629.0,34.52,2016,4,5,1,0
2016-04-06,744784.8430795,11186,81402.0,37.74,2016,4,6,2,0
2016-04-07,587939.720177,3080,76736.0,37.3,2016,4,7,3,0
2016-04-08,689727.1961377,9240,83533.0,39.74,2016,4,8,4,0
2016-04-09,927981.389244,4143,97454.0,39.74,2016,4,9,5,1
2016-04-10,1008876.737901,5403,91977.0,39.74,2016,4,10,6,1
2016-04-11,665348.963943,4377,77860.0,40.46,2016,4,11,0,0
2016-04-12,651657.0342615,6825,82484.0,42.12,2016,4,12,1,0
2016-04-13,672611.48105,12374,79657.0,41.7,2016,4,13,2,0
2016-04-14,546785.2089455,3484,74291.0,41.45,2016,4,14,3,0
2016-04-15,667606.299867,9158,82751.0,40.4,2016,4,15,4,0
2016-04-16,862121.492036,3954,90313.0,40.4,2016,4,16,5,1
2016-04-17,1271833.739255,4986,93018.0,40.4,2016,4,17,6,1
2016-04-18,1345920.6048929,4075,103559.0,39.74,2016,4,18,0,0
2016-04-19,1152089.208085,6110,99289.0,40.88,2016,4,19,1,0
2016-04-20,1062426.2900389,12650,95079.0,42.72,2016,4,20,2,0
2016-04-21,1001079.779168,5526,85533.0,43.18,2016,4,21,3,0
2016-04-22,857059.24399,11038,86662.0,42.76,2016,4,22,4,0
2016-04-23,1022143.1346499,5737,100468.0,42.76,2016,4,23,5,1
2016-04-24,1039369.932014,6762,93993.0,42.76,2016,4,24,6,1
2016-04-25,680000.753839,5125,78301.0,41.67,2016,4,25,0,0
2016-04-26,704799.4182328,7306,77218.0,42.52,2016,4,26,1,0
2016-04-27,670288.098041,13522,77369.0,45.29,2016,4,27,2,0
2016-04-28,543339.849013,6363,72957.0,46.03,2016,4,28,3,0
2016-04-29,708711.428894,14393,82711.0,45.98,2016,4,29,4,0
2016-04-30,1067335.770093,10349,102800.0,45.98,2016,4,30,5,1
2016-05-01,1270121.20756,12056,102012.0,45.98,2016,5,1,6,1
2016-05-02,973985.670432,9677,85259.0,44.75,2016,5,2,0,0
2016-05-03,792205.5501393,12286,85500.0,43.65,2016,5,3,1,0
2016-05-04,798654.4540987,17422,86207.0,43.77,2016,5,4,2,0
2016-05-05,648701.6029645,9971,82198.0,44.33,2016,5,5,3,0
2016-05-06,761422.5161262,16096,91159.0,44.58,2016,5,6,4,0
2016-05-07,1071192.776983,10650,118222.0,44.58,2016,5,7,5,1
2016-05-08,820824.6380683,10736,97132.0,44.58,2016,5,8,6,1
2016-05-09,771767.6541339,10233,82043.0,43.45,2016,5,9,0,0
2016-05-10,693010.486981,12099,78194.0,44.68,2016,5,10,1,0
2016-05-11,727543.4630335,15793,80761.0,46.21,2016,5,11,2,0
2016-05-12,603394.2070997,8951,76099.0,46.64,2016,5,12,3,0
2016-05-13,666833.8999414,14003,82265.0,46.22,2016,5,13,4,0
2016-05-14,932869.5212631,9545,97755.0,46.22,2016,5,14,5,1
2016-05-15,1070331.66738,10418,95910.0,46.22,2016,5,15,6,1
2016-05-16,748112.686851,8877,81129.0,47.72,2016,5,16,0,0
2016-05-17,661930.83884,10975,78372.0,48.29,2016,5,17,1,0
2016-05-18,671232.9593407,14599,74552.0,48.12,2016,5,18,2,0
2016-05-19,581470.5602065,8973,74826.0,48.16,2016,5,19,3,0
2016-05-20,706024.0579254,14004,84185.0,47.67,2016,5,20,4,0
2016-05-21,910757.16309,9307,97053.0,47.67,2016,5,21,5,1
2016-05-22,1030671.62292,10339,93629.0,47.67,2016,5,22,6,1
2016-05-23,695004.681298,8534,79595.0,48.12,2016,5,23,0,0
2016-05-24,606377.2052165,10606,74225.0,48.04,2016,5,24,1,0
2016-05-25,637512.038734,15657,75039.0,49.1,2016,5,25,2,0
2016-05-26,571968.623123,10758,74328.0,49.0,2016,5,26,3,0
2016-05-27,852689.219312,17133,88580.0,49.36,2016,5,27,4,0
2016-05-28,816187.2200643,11524,89086.0,49.36,2016,5,28,5,1
2016-05-29,959853.658039,12737,87606.0,49.36,2016,5,29,6,1
2016-05-30,752452.419172,11392,80249.0,49.36,2016,5,30,0,0
2016-05-31,974327.9898907,14668,92987.0,49.1,2016,5,31,1,0
2016-06-01,811525.320315,15912,88574.0,49.07,2016,6,1,2,0
2016-06-02,694535.9356793,8059,79393.0,49.14,2016,6,2,3,0
2016-06-03,742363.085208,11747,84747.0,48.69,2016,6,3,4,0
2016-06-04,1011996.61607,6666,100607.0,48.69,2016,6,4,5,1
2016-06-05,1123734.4361,7628,97418.0,48.69,2016,6,5,6,1
2016-06-06,729894.222866,6262,80840.0,49.71,2016,6,6,0,0
2016-06-07,658714.653306,8345,78126.0,50.37,2016,6,7,1,0
2016-06-08,696747.5498651,13972,79997.0,51.23,2016,6,8,2,0
2016-06-09,547139.6129411,6261,73785.0,50.52,2016,6,9,3,0
2016-06-10,637354.31962,12011,80306.0,49.09,2016,6,10,4,0
2016-06-11,845838.2061645,7639,93473.0,49.09,2016,6,11,5,1
2016-06-12,947479.764963,8585,89740.0,49.09,2016,6,12,6,1
2016-06-13,685382.193062,7235,76448.0,48.89,2016,6,13,0,0
2016-06-14,622267.7731045,9714,75874.0,48.49,2016,6,14,1,0
2016-06-15,708327.6370845,16034,79905.0,47.92,2016,6,15,2,0
2016-06-16,620526.243001,7642,80605.0,46.14,2016,6,16,3,0
2016-06-17,737897.438279,13274,85614.0,48.0,2016,6,17,4,0
2016-06-18,972971.109711,8524,107418.0,48.0,2016,6,18,5,1
2016-06-19,837363.023871,8814,92469.0,48.0,2016,6,19,6,1
2016-06-20,735754.3648971,7609,80226.0,49.4,2016,6,20,0,0
2016-06-21,679248.0220203,9623,78278.0,48.95,2016,6,21,1,0
2016-06-22,677730.6512057,15476,77260.0,49.16,2016,6,22,2,0
2016-06-23,559653.337429,6384,72356.0,49.34,2016,6,23,3,0
2016-06-24,641812.675912,11846,78517.0,46.7,2016,6,24,4,0
2016-06-25,860296.8349625,6984,91094.0,46.7,2016,6,25,5,1
2016-06-26,954344.666933,8257,88209.0,46.7,2016,6,26,6,1
2016-06-27,684735.608995,6513,75781.0,45.8,2016,6,27,0,0
2016-06-28,596948.934953,8118,73787.0,47.93,2016,6,28,1,0
2016-06-29,632489.476942,13620,76350.0,49.85,2016,6,29,2,0
2016-06-30,554144.864923,6662,73866.0,48.27,2016,6,30,3,0
2016-07-01,857027.5539605,12713,89711.0,49.02,2016,7,1,4,0
2016-07-02,1078485.141848,7331,101902.0,49.02,2016,7,2,5,1
2016-07-03,1126713.707945,8070,96041.0,49.02,2016,7,3,6,1
2016-07-04,850891.598845,6906,84992.0,49.02,2016,7,4,0,0
2016-07-05,728011.558041,9188,82089.0,46.73,2016,7,5,1,0
2016-07-06,752110.940641,16405,83135.0,47.37,2016,7,6,2,0
2016-07-07,591702.7820185,5265,76107.0,45.22,2016,7,7,3,0
2016-07-08,688563.400224,12532,83553.0,45.37,2016,7,8,4,0
2016-07-09,868259.9708787,7671,94026.0,45.37,2016,7,9,5,1
2016-07-10,932486.3001359,8786,88752.0,45.37,2016,7,10,6,1
2016-07-11,688436.1450485,7134,78942.0,44.73,2016,7,11,0,0
2016-07-12,627039.780111,8817,76267.0,46.82,2016,7,12,1,0
2016-07-13,642494.4024465,13382,76173.0,44.87,2016,7,13,2,0
2016-07-14,535124.328126,5346,73094.0,45.64,2016,7,14,3,0
2016-07-15,675032.4290353,11407,82144.0,45.93,2016,7,15,4,0
2016-07-16,887192.885063,6365,94503.0,45.93,2016,7,16,5,1
2016-07-17,932586.6967328,7336,87873.0,45.93,2016,7,17,6,1
2016-07-18,702619.751022,5892,80328.0,45.23,2016,7,18,0,0
2016-07-19,633176.2922806,7823,77023.0,44.64,2016,7,19,1,0
2016-07-20,686848.847004,13216,81266.0,44.96,2016,7,20,2,0
2016-07-21,578823.6890245,5644,74264.0,43.96,2016,7,21,3,0
2016-07-22,646633.655341,10352,80531.0,43.41,2016,7,22,4,0
2016-07-23,822292.472006,5882,91301.0,43.41,2016,7,23,5,1
2016-07-24,847867.677942,6813,85106.0,43.41,2016,7,24,6,1
2016-07-25,697383.602092,5681,79203.0,42.4,2016,7,25,0,0
2016-07-26,622771.923903,7550,76524.0,42.16,2016,7,26,1,0
2016-07-27,651121.9849837,10781,77731.0,41.9,2016,7,27,2,0
2016-07-28,533256.2493581,5647,71935.0,41.13,2016,7,28,3,0
2016-07-29,669585.8378729,11243,82140.0,41.54,2016,7,29,4,0
2016-07-30,910213.871959,6377,96249.0,41.54,2016,7,30,5,1
2016-07-31,997916.9572141,7050,91182.0,41.54,2016,7,31,6,1
2016-08-01,895580.405053,5349,87637.0,40.05,2016,8,1,0,0
2016-08-02,777592.8388893,7884,85044.0,39.5,2016,8,2,1,0
2016-08-03,779844.8100532,13361,84532.0,40.8,2016,8,3,2,0
2016-08-04,622883.098161,5955,78516.0,41.92,2016,8,4,3,0
2016-08-05,704092.7391311,11624,84616.0,41.83,2016,8,5,4,0
2016-08-06,858903.2119025,6266,93146.0,41.83,2016,8,6,5,1
2016-08-07,904321.436838,7562,87403.0,41.83,2016,8,7,6,1
2016-08-08,715195.5388238,6231,81072.0,43.06,2016,8,8,0,0
2016-08-09,635538.981035,8593,77133.0,42.78,2016,8,9,1,0
2016-08-10,658457.436112,13998,79006.0,41.75,2016,8,10,2,0
2016-08-11,596729.279945,6448,77945.0,43.51,2016,8,11,3,0
2016-08-12,745662.5051491,11760,83425.0,44.47,2016,8,12,4,0
2016-08-13,714905.9190669,6521,84685.0,44.47,2016,8,13,5,1
2016-08-14,761826.1289779,7400,78472.0,44.47,2016,8,14,6,1
2016-08-15,720032.299881,6925,81379.0,45.72,2016,8,15,0,0
2016-08-16,718671.651353,8896,81063.0,46.57,2016,8,16,1,0
2016-08-17,725945.703034,14445,81405.0,46.81,2016,8,17,2,0
2016-08-18,577350.5209386,6847,75159.0,48.2,2016,8,18,3,0
2016-08-19,678767.115815,12171,82021.0,48.48,2016,8,19,4,0
2016-08-20,828986.33584,7317,91798.0,48.48,2016,8,20,5,1
2016-08-21,901870.149939,8091,87188.0,48.48,2016,8,21,6,1
2016-08-22,714866.233843,6907,80624.0,46.8,2016,8,22,0,0
2016-08-23,660819.9779755,8720,78531.0,47.54,2016,8,23,1,0
2016-08-24,674613.0479498,13484,78434.0,46.29,2016,8,24,2,0
2016-08-25,554421.529139,5714,73746.0,46.97,2016,8,25,3,0
2016-08-26,646698.272887,11058,79541.0,47.64,2016,8,26,4,0
2016-08-27,791047.534486,6313,87841.0,47.64,2016,8,27,5,1
2016-08-28,858802.419759,7180,83646.0,47.64,2016,8,28,6,1
2016-08-29,671845.736816,6096,75798.0,46.97,2016,8,29,0,0
2016-08-30,624711.335056,8397,75043.0,46.32,2016,8,30,1,0
2016-08-31,731430.1240452,14079,80262.0,44.68,2016,8,31,2,0
2016-09-01,718105.570925,6204,80863.0,43.17,2016,9,1,3,0
2016-09-02,837129.587642,11445,88068.0,44.39,2016,9,2,4,0
2016-09-03,1057581.210918,5986,99611.0,44.39,2016,9,3,5,1
2016-09-04,1109985.857533,6669,93135.0,44.39,2016,9,4,6,1
2016-09-05,813763.2950235,5446,83275.0,44.39,2016,9,5,0,0
2016-09-06,751583.025072,7130,83504.0,44.85,2016,9,6,1,0
2016-09-07,738543.916999,12437,79719.0,45.47,2016,9,7,2,0
2016-09-08,595849.2986095,5757,75262.0,47.63,2016,9,8,3,0
2016-09-09,658969.026968,11435,79604.0,45.88,2016,9,9,4,0
2016-09-10,915938.559049,6595,94115.0,45.88,2016,9,10,5,1
2016-09-11,1017369.2242663,7187,91610.0,45.88,2016,9,11,6,1
2016-09-12,678776.4591265,5902,77125.0,46.28,2016,9,12,0,0
2016-09-13,603427.946974,7836,74032.0,44.91,2016,9,13,1,0
2016-09-14,624262.071976,13238,73096.0,43.62,2016,9,14,2,0
2016-09-15,568324.812986,8373,74741.0,43.85,2016,9,15,3,0
2016-09-16,691912.601466,14453,80789.0,43.04,2016,9,16,4,0
2016-09-17,899219.297508,9645,94298.0,43.04,2016,9,17,5,1
2016-09-18,1018662.657394,10453,92375.0,43.04,2016,9,18,6,1
2016-09-19,681159.341976,8924,76255.0,43.34,2016,9,19,0,0
2016-09-20,650980.3219717001,10992,76572.0,43.85,2016,9,20,1,0
2016-09-21,666928.400013,16166,76260.0,45.33,2016,9,21,2,0
2016-09-22,533276.332017,9185,71282.0,46.1,2016,9,22,3,0
2016-09-23,663685.9846653,14938,78422.0,44.36,2016,9,23,4,0
2016-09-24,861830.389997,10165,90980.0,44.36,2016,9,24,5,1
2016-09-25,952352.5509251,10902,87687.0,44.36,2016,9,25,6,1
2016-09-26,664217.4402937,9248,75050.0,45.6,2016,9,26,0,0
2016-09-27,587908.3278165,11118,68375.0,44.65,2016,9,27,1,0
2016-09-28,631761.1750463,15766,72772.0,47.07,2016,9,28,2,0
2016-09-29,520744.9210333,8746,68972.0,47.72,2016,9,29,3,0
2016-09-30,703198.490806,14020,79125.0,47.72,2016,9,30,4,0
2016-10-01,1175033.65823,9040,103065.0,47.72,2016,10,1,5,1
2016-10-02,1256480.1709663,10009,99386.0,47.72,2016,10,2,6,1
2016-10-03,833060.55889,8527,84086.0,48.8,2016,10,3,0,0
2016-10-04,724113.096039,11381,79380.0,48.67,2016,10,4,1,0
2016-10-05,749712.3000211,16510,79403.0,49.75,2016,10,5,2,0
2016-10-06,581429.340158,8844,73892.0,50.44,2016,10,6,3,0
2016-10-07,797612.239327,14565,79737.0,49.76,2016,10,7,4,0
2016-10-08,932551.706831,9965,94142.0,49.76,2016,10,8,5,1
2016-10-09,1088251.479908,10957,93562.0,49.76,2016,10,9,6,1
2016-10-10,725312.8469015,9518,77691.0,49.76,2016,10,10,0,0
2016-10-11,625271.993952,11499,73298.0,50.72,2016,10,11,1,0
2016-10-12,665126.077693,15499,73721.0,50.14,2016,10,12,2,0
2016-10-13,558859.8909975,9141,70643.0,50.47,2016,10,13,3,0
2016-10-14,667954.207226,14622,79146.0,50.35,2016,10,14,4,0
2016-10-15,890613.591114,9962,92768.0,50.35,2016,10,15,5,1
2016-10-16,1104504.6882152,11029,93951.0,50.35,2016,10,16,6,1
2016-10-17,710456.4240015,8913,76614.0,49.97,2016,10,17,0,0
2016-10-18,630638.592023,10764,73632.0,50.3,2016,10,18,1,0
2016-10-19,647823.468973,15074,72931.0,51.59,2016,10,19,2,0
2016-10-20,583001.280078,8438,73196.0,50.31,2016,10,20,3,0
2016-10-21,669453.5420583,13952,78245.0,50.61,2016,10,21,4,0
2016-10-22,843626.415914,8824,89857.0,50.61,2016,10,22,5,1
2016-10-23,1022953.689959,10108,90866.0,50.61,2016,10,23,6,1
2016-10-24,668507.6451983,8278,73354.0,50.18,2016,10,24,0,0
2016-10-25,610590.8979547,10318,73074.0,49.45,2016,10,25,1,0
2016-10-26,633413.8905697,20046,72818.0,48.75,2016,10,26,2,0
2016-10-27,544361.4798829,12296,71506.0,49.71,2016,10,27,3,0
2016-10-28,638838.252231,18399,76876.0,48.72,2016,10,28,4,0
2016-10-29,841074.6969995,15002,90428.0,48.72,2016,10,29,5,1
2016-10-30,954838.191008,15945,88744.0,48.72,2016,10,30,6,1
2016-10-31,654923.5029715,13089,75988.0,46.83,2016,10,31,0,0
2016-11-01,811832.445984,15036,85050.0,46.66,2016,11,1,1,0
2016-11-02,969033.618953,21832,90454.0,45.32,2016,11,2,2,0
2016-11-03,793811.6841115,13041,82525.0,44.66,2016,11,3,3,0
2016-11-04,858468.216477,17726,85762.0,44.07,2016,11,4,4,0
2016-11-05,887751.298669,13143,88820.0,44.07,2016,11,5,5,1
2016-11-06,1140367.104134,14731,92150.0,44.07,2016,11,6,6,1
2016-11-07,849451.0429045,12332,83114.0,44.88,2016,11,7,0,0
2016-11-08,767439.628434,13995,79917.0,44.96,2016,11,8,1,0
2016-11-09,790276.839009,21413,80077.0,45.2,2016,11,9,2,0
2016-11-10,588241.7590247,11964,72768.0,44.62,2016,11,10,3,0
2016-11-11,713396.4541223,17688,78815.0,43.39,2016,11,11,4,0
2016-11-12,929802.771943,13278,92716.0,43.39,2016,11,12,5,1
2016-11-13,1188982.232398,14446,98409.0,43.39,2016,11,13,6,1
2016-11-14,735723.172977,10519,77317.0,43.29,2016,11,14,0,0
2016-11-15,691801.6290437999,13178,76651.0,45.86,2016,11,15,1,0
2016-11-16,830431.7415873,20041,81603.0,45.56,2016,11,16,2,0
2016-11-17,615228.2560159,9983,74999.0,45.37,2016,11,17,3,0
2016-11-18,738265.552222,15252,81854.0,45.69,2016,11,18,4,0
2016-11-19,935656.0010137,11708,94791.0,45.69,2016,11,19,5,1
2016-11-20,1125178.987911,12877,96368.0,45.69,2016,11,20,6,1
2016-11-21,773762.280859,11295,81536.0,47.48,2016,11,21,0,0
2016-11-22,690281.251004,13276,80748.0,48.07,2016,11,22,1,0
2016-11-23,753685.041456,20488,82390.0,46.72,2016,11,23,2,0
2016-11-24,595457.3062203,11234,76479.0,46.72,2016,11,24,3,0
2016-11-25,737819.484836,17137,86981.0,46.72,2016,11,25,4,0
2016-11-26,908066.823384,12489,96748.0,46.72,2016,11,26,5,1
2016-11-27,1056721.5920875,13624,95628.0,46.72,2016,11,27,6,1
2016-11-28,752583.7680527,11861,79717.0,45.66,2016,11,28,0,0
2016-11-29,645760.5082353,13347,74449.0,45.29,2016,11,29,1,0
2016-11-30,767361.704324,19424,80680.0,49.41,2016,11,30,2,0
2016-12-01,843603.315088,12985,84647.0,51.08,2016,12,1,3,0
2016-12-02,853454.930795,18819,86775.0,51.7,2016,12,2,4,0
2016-12-03,1113440.567059,14279,102429.0,51.7,2016,12,3,5,1
2016-12-04,1276195.0362097,15186,103907.0,51.7,2016,12,4,6,1
2016-12-05,896824.938971,13159,88947.0,51.72,2016,12,5,0,0
2016-12-06,932546.385931,15573,92700.0,50.95,2016,12,6,1,0
2016-12-07,867653.7351403,26861,88699.0,49.85,2016,12,7,2,0
2016-12-08,674077.382905,13681,82550.0,50.84,2016,12,8,3,0
2016-12-09,774941.923982,19275,90723.0,51.51,2016,12,9,4,0
2016-12-10,920050.745917,14826,100618.0,51.51,2016,12,10,5,1
2016-12-11,1119324.243986,16281,101077.0,51.51,2016,12,11,6,1
2016-12-12,844251.703802,13791,86093.0,52.74,2016,12,12,0,0
2016-12-13,747161.615593,16204,85927.0,52.99,2016,12,13,1,0
2016-12-14,829763.2190675,21728,89417.0,51.01,2016,12,14,2,0
2016-12-15,747641.1828753001,14623,91525.0,50.9,2016,12,15,3,0
2016-12-16,918899.786306,20131,99717.0,51.93,2016,12,16,4,0
2016-12-17,1071655.6282493,15863,114465.0,51.93,2016,12,17,5,1
2016-12-18,1260471.9085900001,17228,116289.0,51.93,2016,12,18,6,1
2016-12-19,1028242.8227987,15014,106760.0,52.13,2016,12,19,0,0
2016-12-20,1080402.388032,17863,116392.0,52.22,2016,12,20,1,0
2016-12-21,1181307.3270735,23427,132060.0,51.44,2016,12,21,2,0
2016-12-22,1135849.391084,15486,138892.0,51.98,2016,12,22,3,0
2016-12-23,1282145.5171351,21531,156932.0,52.01,2016,12,23,4,0
2016-12-24,1246837.8430543,15250,167542.0,52.01,2016,12,24,5,1
2016-12-26,1032770.748898,14818,105524.0,52.01,2016,12,26,0,0
2016-12-27,842475.490118,16147,95643.0,52.82,2016,12,27,1,0
2016-12-28,951533.7138481,23634,103717.0,54.01,2016,12,28,2,0
2016-12-29,894108.236835,15877,102665.0,53.8,2016,12,29,3,0
2016-12-30,1163643.0379923,21974,127771.0,53.75,2016,12,30,4,0
2016-12-31,1109012.812049,15984,135568.0,53.75,2016,12,31,5,1
2017-01-01,12082.500997,170,1642.0,53.75,2017,1,1,6,1
2017-01-02,1402306.370834,11812,107718.0,53.75,2017,1,2,0,0
2017-01-03,1104377.0798245,13906,97185.0,52.36,2017,1,3,1,0
2017-01-04,990093.463742,22918,91527.0,53.26,2017,1,4,2,0
2017-01-05,777620.9540695,8550,84930.0,53.77,2017,1,5,3,0
2017-01-06,839600.237989,15539,89963.0,53.98,2017,1,6,4,0
2017-01-07,1103806.298949,10406,102954.0,53.98,2017,1,7,5,1
2017-01-08,1192543.750978,11277,96784.0,53.98,2017,1,8,6,1
2017-01-09,793724.8969065,9647,82111.0,51.95,2017,1,9,0,0
2017-01-10,742635.5692609,11820,79932.0,50.82,2017,1,10,1,0
2017-01-11,770742.690065,17301,80692.0,52.19,2017,1,11,2,0
2017-01-12,629635.794004,9601,75691.0,53.01,2017,1,12,3,0
2017-01-13,768898.9443882,15674,84068.0,52.36,2017,1,13,4,0
2017-01-14,1021050.536226,10682,99921.0,52.36,2017,1,14,5,1
2017-01-15,1175725.165838,11548,97107.0,52.36,2017,1,15,6,1
2017-01-16,824488.666175,9912,84038.0,52.36,2017,1,16,0,0
2017-01-17,750836.542952,12064,80093.0,52.45,2017,1,17,1,0
2017-01-18,782656.0246723,18723,80984.0,51.12,2017,1,18,2,0
2017-01-19,606949.7448793,9633,74388.0,51.39,2017,1,19,3,0
2017-01-20,725703.6910875,14854,78949.0,52.33,2017,1,20,4,0
2017-01-21,1072721.724905,10194,101813.0,52.33,2017,1,21,5,1
2017-01-22,1148214.358454,11257,96999.0,52.33,2017,1,22,6,1
2017-01-23,798133.612125,9356,83426.0,52.77,2017,1,23,0,0
2017-01-24,721275.774781,11940,79149.0,52.38,2017,1,24,1,0
2017-01-25,744342.5929227,18532,79315.0,52.14,2017,1,25,2,0
2017-01-26,576515.5369877,7562,72551.0,53.24,2017,1,26,3,0
2017-01-27,722113.958837,13112,82681.0,53.18,2017,1,27,4,0
2017-01-28,977850.40585,8264,97396.0,53.18,2017,1,28,5,1
2017-01-29,1075166.993043,9260,91697.0,53.18,2017,1,29,6,1
2017-01-30,698123.768037,7330,75086.0,52.63,2017,1,30,0,0
2017-01-31,778222.285925,10584,82058.0,52.75,2017,1,31,1,0
2017-02-01,961777.382874,16375,87964.0,53.9,2017,2,1,2,0
2017-02-02,748882.732615,8017,83067.0,53.55,2017,2,2,3,0
2017-02-03,834667.1519293,13655,88575.0,53.81,2017,2,3,4,0
2017-02-04,1132788.541413,8302,105312.0,53.81,2017,2,4,5,1
2017-02-05,1151987.631095,9052,97630.0,53.81,2017,2,5,6,1
2017-02-06,786672.394181,7734,84557.0,53.01,2017,2,6,0,0
2017-02-07,739431.213302,9964,83402.0,52.19,2017,2,7,1,0
2017-02-08,783605.377185,19103,83891.0,52.37,2017,2,8,2,0
2017-02-09,624387.487899,7213,77382.0,52.99,2017,2,9,3,0
2017-02-10,752207.2398545,12607,86359.0,53.84,2017,2,10,4,0
2017-02-11,944924.65301,7840,97213.0,53.84,2017,2,11,5,1
2017-02-12,1074820.900014,8800,93429.0,53.84,2017,2,12,6,1
2017-02-13,794314.4320675,7527,93688.0,52.96,2017,2,13,0,0
2017-02-14,642613.187069,9653,99371.0,53.21,2017,2,14,1,0
2017-02-15,745780.355084,17201,80501.0,53.11,2017,2,15,2,0
2017-02-16,645968.2570671,8104,77887.0,53.41,2017,2,16,3,0
2017-02-17,758855.71279,13615,84398.0,53.41,2017,2,17,4,0
2017-02-18,1063394.844003,8434,101410.0,53.41,2017,2,18,5,1
2017-02-19,858897.1230135,9119,81949.0,53.41,2017,2,19,6,1
2017-02-20,759120.0599607,8008,79470.0,53.41,2017,2,20,0,0
2017-02-21,717807.6770255,10436,79807.0,54.02,2017,2,21,1,0
2017-02-22,739388.0344027,16096,79788.0,53.61,2017,2,22,2,0
2017-02-23,675578.500156,8374,82795.0,54.48,2017,2,23,3,0
2017-02-24,816197.498952,14147,89170.0,53.99,2017,2,24,4,0
2017-02-25,1026011.2228075,9005,101255.0,53.99,2017,2,25,5,1
2017-02-26,775708.987978,9260,80860.0,53.99,2017,2,26,6,1
2017-02-27,744956.948138,8398,79336.0,54.04,2017,2,27,0,0
2017-02-28,949366.8290505,11215,87904.0,54.0,2017,2,28,1,0
2017-03-01,1008521.709962,18621,89799.0,53.82,2017,3,1,2,0
2017-03-02,836225.179072,9186,86294.0,52.63,2017,3,2,3,0
2017-03-03,882639.776274,15308,89211.0,53.33,2017,3,3,4,0
2017-03-04,1125736.3470592,9661,103055.0,53.33,2017,3,4,5,1
2017-03-05,1196983.690104,10362,97988.0,53.33,2017,3,5,6,1
2017-03-06,790143.2410905,8100,82584.0,53.19,2017,3,6,0,0
2017-03-07,761866.729975,10556,82315.0,52.68,2017,3,7,1,0
2017-03-08,781046.6619577,16073,86740.0,49.83,2017,3,8,2,0
2017-03-09,653901.1919827,7340,76926.0,48.75,2017,3,9,3,0
2017-03-10,773855.30685,13248,84691.0,48.05,2017,3,10,4,0
2017-03-11,1001174.4340065,7610,97521.0,48.05,2017,3,11,5,1
2017-03-12,1146006.826973,8594,95842.0,48.05,2017,3,12,6,1
2017-03-13,754390.380036,7142,79887.0,47.95,2017,3,13,0,0
2017-03-14,700998.0346447,9650,78200.0,47.24,2017,3,14,1,0
2017-03-15,815621.887369,15436,84574.0,48.34,2017,3,15,2,0
2017-03-16,699108.166824,7569,79030.0,48.3,2017,3,16,3,0
2017-03-17,812306.77427,14263,87303.0,48.34,2017,3,17,4,0
2017-03-18,1038906.566154,8705,99094.0,48.34,2017,3,18,5,1
2017-03-19,1157140.638587,9579,96738.0,48.34,2017,3,19,6,1
2017-03-20,826428.90991,8349,85005.0,47.79,2017,3,20,0,0
2017-03-21,746620.926177,11112,81716.0,47.02,2017,3,21,1,0
2017-03-22,767880.804934,16052,80140.0,47.29,2017,3,22,2,0
2017-03-23,670848.010029,6839,77989.0,47.0,2017,3,23,3,0
2017-03-24,787914.125515,13150,83314.0,47.3,2017,3,24,4,0
2017-03-25,1038139.316887,8520,99235.0,47.3,2017,3,25,5,1
2017-03-26,1101557.476706,9434,92660.0,47.3,2017,3,26,6,1
2017-03-27,784103.265042,7884,80872.0,47.02,2017,3,27,0,0
2017-03-28,702943.9485770001,10654,77666.0,48.36,2017,3,28,1,0
2017-03-29,824632.985033,17151,81918.0,49.47,2017,3,29,2,0
2017-03-30,637624.340998,9116,75304.0,50.3,2017,3,30,3,0
2017-03-31,878750.03788,14027,87034.0,50.54,2017,3,31,4,0
2017-04-01,1463083.962459,7450,113083.0,50.54,2017,4,1,5,1
2017-04-02,1138650.058898,7946,94696.0,50.54,2017,4,2,6,1
2017-04-03,835191.622029,6545,81294.0,50.25,2017,4,3,0,0
2017-04-04,835602.6360017,9316,84872.0,50.99,2017,4,4,1,0
2017-04-05,846631.307907,15094,85255.0,51.14,2017,4,5,2,0
2017-04-06,683059.570103,6973,80775.0,51.69,2017,4,6,3,0
2017-04-07,765502.211925,12478,85781.0,52.25,2017,4,7,4,0
2017-04-08,988591.469958,7567,98033.0,52.25,2017,4,8,5,1
2017-04-09,1101713.657101,8423,94617.0,52.25,2017,4,9,6,1
2017-04-10,739392.130988,6662,81868.0,53.06,2017,4,10,0,0
2017-04-11,741331.430196,9681,84105.0,53.38,2017,4,11,1,0
2017-04-12,791762.312883,18094,84052.0,53.12,2017,4,12,2,0
2017-04-13,737029.565183,10215,90752.0,53.19,2017,4,13,3,0
2017-04-14,740889.486829,15812,86517.0,53.19,2017,4,14,4,0
2017-04-15,898610.217928,10690,97165.0,53.19,2017,4,15,5,1
2017-04-16,985493.795113,11676,90664.0,53.19,2017,4,16,6,1
2017-04-17,775916.9059055,10152,83043.0,52.62,2017,4,17,0,0
2017-04-18,717196.315762,11980,80334.0,52.46,2017,4,18,1,0
2017-04-19,735733.2142477001,19618,78999.0,50.49,2017,4,19,2,0
2017-04-20,675804.0219027,11231,82905.0,50.26,2017,4,20,3,0
2017-04-21,795795.893872,18291,90055.0,49.64,2017,4,21,4,0
2017-04-22,974952.817869,12972,101125.0,49.64,2017,4,22,5,1
2017-04-23,1140070.2748035,14276,101186.0,49.64,2017,4,23,6,1
2017-04-24,755072.530945,12476,81901.0,48.9,2017,4,24,0,0
2017-04-25,718996.080637,14844,82193.0,49.22,2017,4,25,1,0
2017-04-26,781159.2829995,21140,84709.0,49.22,2017,4,26,2,0
2017-04-27,624910.0260955,12602,78971.0,48.96,2017,4,27,3,0
2017-04-28,797636.6251025,18991,87474.0,49.31,2017,4,28,4,0
2017-04-29,1068279.815941,13643,104870.0,49.31,2017,4,29,5,1
2017-04-30,1041249.2479705,14204,96514.0,49.31,2017,4,30,6,1
2017-05-01,1306699.366897,12733,106440.0,48.83,2017,5,1,0,0
2017-05-02,907324.094113,14155,88668.0,47.65,2017,5,2,1,0
2017-05-03,924247.257204,21181,89713.0,47.79,2017,5,3,2,0
2017-05-04,716654.608983,10040,81957.0,45.55,2017,5,4,3,0
2017-05-05,780798.407016,15908,85333.0,46.23,2017,5,5,4,0
2017-05-06,1039417.861868,10346,104203.0,46.23,2017,5,6,5,1
2017-05-07,1227380.607924,11503,103210.0,46.23,2017,5,7,6,1
2017-05-08,776307.495015,9552,84221.0,46.46,2017,5,8,0,0
2017-05-09,715811.198881,12040,82345.0,45.84,2017,5,9,1,0
2017-05-10,766101.907094,20292,83637.0,47.28,2017,5,10,2,0
2017-05-11,648650.413039,11109,81476.0,47.81,2017,5,11,3,0
2017-05-12,764812.415784,16721,91482.0,47.83,2017,5,12,4,0
2017-05-13,1116976.891153,12225,121889.0,47.83,2017,5,13,5,1
2017-05-14,884199.9138385,12682,101257.0,47.83,2017,5,14,6,1
2017-05-15,823035.572122,11265,83716.0,48.86,2017,5,15,0,0
2017-05-16,807803.8950783,13685,85528.0,48.64,2017,5,16,1,0
2017-05-17,841407.607944,18617,85560.0,49.04,2017,5,17,2,0
2017-05-18,628487.989962,10594,77561.0,49.36,2017,5,18,3,0
2017-05-19,773775.4378677,15706,86286.0,50.32,2017,5,19,4,0
2017-05-20,1035667.381833,10841,101709.0,50.32,2017,5,20,5,1
2017-05-21,1201938.886229,12033,101626.0,50.32,2017,5,21,6,1
2017-05-22,778935.156126,10039,84049.0,50.81,2017,5,22,0,0
2017-05-23,723151.767982,12292,82008.0,51.12,2017,5,23,1,0
2017-05-24,746303.6271255,20850,81879.0,50.99,2017,5,24,2,0
2017-05-25,620108.24391,9527,78501.0,48.57,2017,5,25,3,0
2017-05-26,984511.1521135,16458,96455.0,49.58,2017,5,26,4,0
2017-05-27,932219.893144,10604,96509.0,49.58,2017,5,27,5,1
2017-05-28,1061771.636907,11854,94970.0,49.58,2017,5,28,6,1
2017-05-29,776813.137038,10056,83121.0,49.58,2017,5,29,0,0
2017-05-30,742471.2769905,12281,83210.0,49.63,2017,5,30,1,0
2017-05-31,858062.149411,17457,93365.0,48.29,2017,5,31,2,0
2017-06-01,766859.172845,3498,90171.0,48.32,2017,6,1,3,0
2017-06-02,918421.319125,13480,91840.0,47.68,2017,6,2,4,0
2017-06-03,1176138.109152,9337,106965.0,47.68,2017,6,3,5,1
2017-06-04,1376511.520495,10512,106972.0,47.68,2017,6,4,6,1
2017-06-05,912693.8511,8750,88273.0,47.4,2017,6,5,0,0
2017-06-06,805546.647956,11319,84447.0,48.13,2017,6,6,1,0
2017-06-07,842979.8370823,17369,85758.0,45.8,2017,6,7,2,0
2017-06-08,667099.801025,10621,78500.0,45.68,2017,6,8,3,0
2017-06-09,795116.1360699,15713,87431.0,45.82,2017,6,9,4,0
2017-06-10,993732.684049,11792,99716.0,45.82,2017,6,10,5,1
2017-06-11,1213673.946877,13187,100856.0,45.82,2017,6,11,6,1
2017-06-12,768349.7589517,10854,81080.0,46.1,2017,6,12,0,0
2017-06-13,729412.959849,13186,81063.0,46.41,2017,6,13,1,0
2017-06-14,785885.9088963,20019,82752.0,44.79,2017,6,14,2,0
2017-06-15,660338.346974,10081,81831.0,44.47,2017,6,15,3,0
2017-06-16,834786.4275550001,15820,92852.0,44.73,2017,6,16,4,0
2017-06-17,1096133.5508865,11567,114201.0,44.73,2017,6,17,5,1
2017-06-18,965144.121179,12259,99193.0,44.73,2017,6,18,6,1
2017-06-19,791146.393731,10399,82891.0,44.24,2017,6,19,0,0
2017-06-20,787326.7170395,13072,83508.0,43.34,2017,6,20,1,0
2017-06-21,766159.0112892,21009,82929.0,42.48,2017,6,21,2,0
2017-06-22,609868.8309586,11621,77639.0,42.53,2017,6,22,3,0
2017-06-23,761049.7450639,17672,86346.0,42.86,2017,6,23,4,0
2017-06-24,963268.227135,12262,99057.0,42.86,2017,6,24,5,1
2017-06-25,1092610.858614,13371,95082.0,42.86,2017,6,25,6,1
2017-06-26,755367.8450665,10857,81443.0,43.24,2017,6,26,0,0
2017-06-27,682218.468913,13169,79226.0,44.25,2017,6,27,1,0
2017-06-28,731896.9850105,20138,80551.0,44.74,2017,6,28,2,0
2017-06-29,630811.802872,13403,77922.0,44.88,2017,6,29,3,0
2017-06-30,802273.1392327,18245,88368.0,46.02,2017,6,30,4,0
2017-07-01,1207529.921868,13017,108993.0,46.02,2017,7,1,5,1
2017-07-02,1296379.2175535,13882,104392.0,46.02,2017,7,2,6,1
2017-07-03,925143.408816,12329,90976.0,46.02,2017,7,3,0,0
2017-07-04,832359.2860137,14888,89109.0,46.02,2017,7,4,1,0
2017-07-05,844301.613116,23049,89085.0,45.11,2017,7,5,2,0
2017-07-06,700272.0099567,13192,82927.0,45.52,2017,7,6,3,0
2017-07-07,805792.302193,18485,89467.0,44.25,2017,7,7,4,0
2017-07-08,998347.1930085,13428,101349.0,44.25,2017,7,8,5,1
2017-07-09,1100833.322376,14273,97757.0,44.25,2017,7,9,6,1
2017-07-10,804158.8610365,12239,85547.0,44.4,2017,7,10,0,0
2017-07-11,730534.767701,14429,83071.0,45.06,2017,7,11,1,0
2017-07-12,748799.9959087,20226,84155.0,45.48,2017,7,12,2,0
2017-07-13,629651.3629294999,10199,78720.0,46.06,2017,7,13,3,0
2017-07-14,765489.6173932999,16059,87671.0,46.53,2017,7,14,4,0
2017-07-15,969077.125075,11079,100293.0,46.53,2017,7,15,5,1
2017-07-16,1100803.699023,11720,96119.0,46.53,2017,7,16,6,1
2017-07-17,818325.522149,10056,85477.0,46.02,2017,7,17,0,0
2017-07-18,730133.70894,12065,82267.0,46.4,2017,7,18,1,0
2017-07-19,767978.778078,18201,83265.0,47.1,2017,7,19,2,0
2017-07-20,688288.067857,10708,82423.0,46.73,2017,7,20,3,0
2017-07-21,782418.2992188,15340,88613.0,45.78,2017,7,21,4,0
2017-07-22,932902.046681,10070,97358.0,45.78,2017,7,22,5,1
2017-07-23,1024288.741245,10870,94170.0,45.78,2017,7,23,6,1
2017-07-24,816564.327096,9448,85120.0,46.21,2017,7,24,0,0
2017-07-25,713581.632609,11325,81930.0,47.77,2017,7,25,1,0
2017-07-26,740653.044167,18725,82113.0,48.58,2017,7,26,2,0
2017-07-27,659849.8270588,8001,78743.0,49.05,2017,7,27,3,0
2017-07-28,835099.6822035,13850,89197.0,49.72,2017,7,28,4,0
2017-07-29,1032310.865737,9099,100227.0,49.72,2017,7,29,5,1
2017-07-30,1123752.4779517,10227,94899.0,49.72,2017,7,30,6,1
2017-07-31,885856.8408705,8649,88593.0,50.21,2017,7,31,0,0
2017-08-01,988527.763204,10150,92083.0,49.19,2017,8,1,1,0
2017-08-02,964712.016051,16524,93023.0,49.6,2017,8,2,2,0
2017-08-03,728068.485132,7859,85521.0,49.03,2017,8,3,3,0
2017-08-04,827775.686128,14193,91305.0,49.57,2017,8,4,4,0
2017-08-05,965693.650492,8684,101108.0,49.57,2017,8,5,5,1
2017-08-06,1049559.164277,9565,96162.0,49.57,2017,8,6,6,1
2017-08-07,797464.963817,8209,87072.0,49.37,2017,8,7,0,0
2017-08-08,717766.3491055,10638,83422.0,49.07,2017,8,8,1,0
2017-08-09,734139.67401,16117,85452.0,49.59,2017,8,9,2,0
2017-08-10,651386.9119697,7917,83064.0,48.54,2017,8,10,3,0
2017-08-11,826373.722022,14179,89551.0,48.81,2017,8,11,4,0
2017-08-12,792630.5350785,8312,89927.0,48.81,2017,8,12,5,1
2017-08-13,865639.677471,9283,85993.0,48.81,2017,8,13,6,1
2017-08-14,760922.4060808,8043,85448.0,47.59,2017,8,14,0,0
2017-08-15,762661.935939,10605,86561.0,47.57,2017,8,15,1,0
